time,Activity,Steps,HR,Inclinometer Off,Inclinometer Standing,Inclinometer Sitting,Inclinometer Lying
9/04/2023 0:25,1,0,92,0,0,0,1
9/04/2023 0:25,1,0,92,0,0,0,1
9/04/2023 0:25,1,1,91,0,1,0,0
9/04/2023 0:25,1,0,90,0,1,0,0
9/04/2023 0:25,1,0,90,0,1,0,0
9/04/2023 0:25,1,0,90,0,1,0,0
9/04/2023 0:25,1,0,91,0,0,1,0
9/04/2023 0:25,1,0,91,0,0,1,0
9/04/2023 0:25,1,0,91,0,1,0,0
9/04/2023 0:25,1,0,91,0,1,0,0
9/04/2023 0:25,1,0,92,0,1,0,0
9/04/2023 0:25,1,1,93,0,1,0,0
9/04/2023 0:25,1,1,93,0,1,0,0
9/04/2023 0:25,1,0,94,0,0,1,0
9/04/2023 0:25,1,0,95,0,0,1,0
9/04/2023 0:25,1,0,95,0,0,1,0
9/04/2023 0:25,1,0,94,0,0,1,0
9/04/2023 0:25,1,0,92,0,0,1,0
9/04/2023 0:25,1,0,92,0,0,1,0
9/04/2023 0:25,1,0,91,0,0,1,0
9/04/2023 0:25,1,0,90,0,0,1,0
9/04/2023 0:25,1,0,90,0,0,1,0
9/04/2023 0:25,1,0,90,0,0,1,0
9/04/2023 0:25,1,0,91,0,0,1,0
9/04/2023 0:25,1,0,91,0,0,1,0
9/04/2023 0:25,1,0,92,0,1,0,0
9/04/2023 0:25,1,0,92,0,1,0,0
9/04/2023 0:25,1,0,94,0,0,1,0
9/04/2023 0:25,1,0,95,0,0,1,0
9/04/2023 0:25,1,0,95,0,0,1,0
9/04/2023 0:25,1,0,95,0,0,1,0
9/04/2023 0:25,1,0,95,0,0,1,0
9/04/2023 0:25,1,0,92,0,0,1,0
9/04/2023 0:25,1,0,90,0,0,1,0
9/04/2023 0:25,1,0,90,0,0,1,0
9/04/2023 0:25,1,1,90,0,1,0,0
9/04/2023 0:25,1,0,89,0,1,0,0
9/04/2023 0:25,1,0,89,0,1,0,0
9/04/2023 0:25,1,0,89,0,1,0,0
9/04/2023 0:25,1,0,88,0,0,0,1
9/04/2023 0:25,1,0,88,0,0,0,1
9/04/2023 0:25,1,0,89,0,0,0,1
9/04/2023 0:25,1,0,89,0,0,0,1
9/04/2023 0:25,1,0,89,0,0,0,1
9/04/2023 0:25,1,0,91,0,0,0,1
9/04/2023 0:25,1,0,91,0,0,0,1
9/04/2023 0:25,1,0,93,0,0,0,1
9/04/2023 0:25,1,1,94,0,1,0,0
9/04/2023 0:25,1,1,94,0,1,0,0
9/04/2023 0:25,1,0,94,0,1,0,0
9/04/2023 0:25,1,0,93,0,1,0,0
9/04/2023 0:25,1,0,93,0,1,0,0
9/04/2023 0:25,1,0,92,0,0,0,1
9/04/2023 0:25,1,0,92,0,1,0,0
9/04/2023 0:25,1,0,92,0,1,0,0
9/04/2023 0:25,1,0,93,0,0,0,1
9/04/2023 0:25,1,0,93,0,1,0,0
9/04/2023 0:25,1,0,93,0,1,0,0
9/04/2023 0:25,1,0,93,0,0,0,1
9/04/2023 0:25,1,1,94,0,1,0,0
9/04/2023 0:25,1,1,94,0,1,0,0
9/04/2023 0:25,1,0,93,0,0,1,0
9/04/2023 0:25,1,0,93,0,0,1,0
9/04/2023 0:25,1,0,92,0,0,1,0
9/04/2023 0:25,1,0,93,0,0,1,0
9/04/2023 0:25,1,0,93,0,0,1,0
9/04/2023 0:25,1,0,93,0,0,1,0
9/04/2023 0:25,1,0,93,0,0,1,0
9/04/2023 0:25,1,0,95,0,0,1,0
9/04/2023 0:25,1,1,95,0,1,0,0
9/04/2023 0:25,1,1,95,0,1,0,0
9/04/2023 0:25,1,0,95,0,0,1,0
9/04/2023 0:26,1,0,95,0,1,0,0
9/04/2023 0:26,1,0,95,0,1,0,0
9/04/2023 0:26,1,0,95,0,0,1,0
9/04/2023 0:26,1,1,95,0,1,0,0
9/04/2023 0:26,1,1,95,0,1,0,0
9/04/2023 0:26,1,0,89,0,0,1,0
9/04/2023 0:26,1,0,89,0,0,1,0
9/04/2023 0:26,1,0,88,0,0,1,0
9/04/2023 0:26,1,0,87,0,0,1,0
9/04/2023 0:26,1,0,87,0,0,1,0
9/04/2023 0:26,1,0,87,0,0,1,0
9/04/2023 0:26,1,0,87,0,0,1,0
9/04/2023 0:26,1,0,87,0,0,1,0
9/04/2023 0:26,1,0,87,0,0,1,0
9/04/2023 0:26,1,0,87,0,0,1,0
9/04/2023 0:26,1,0,85,0,0,1,0
9/04/2023 0:26,1,0,84,0,0,1,0
9/04/2023 0:26,1,0,82,0,0,1,0
9/04/2023 0:26,1,0,82,0,0,1,0
9/04/2023 0:26,1,0,81,0,0,1,0
9/04/2023 0:26,1,0,80,0,0,1,0
9/04/2023 0:26,1,0,80,0,0,1,0
9/04/2023 0:26,1,0,80,0,0,1,0
9/04/2023 0:26,1,0,79,0,0,1,0
9/04/2023 0:26,1,0,79,0,0,1,0
9/04/2023 0:26,1,0,79,0,0,1,0
9/04/2023 0:26,1,0,78,0,0,1,0
9/04/2023 0:26,1,0,78,0,0,1,0
9/04/2023 0:26,1,0,77,0,0,1,0
9/04/2023 0:26,1,0,78,0,0,1,0
9/04/2023 0:26,1,0,78,0,0,1,0
9/04/2023 0:26,1,0,78,0,0,1,0
9/04/2023 0:26,1,0,78,0,0,1,0
9/04/2023 0:26,1,0,77,0,0,1,0
9/04/2023 0:26,1,0,77,0,0,1,0
9/04/2023 0:26,1,0,77,0,0,1,0
9/04/2023 0:26,1,0,77,0,0,1,0
9/04/2023 0:26,1,0,77,0,0,1,0
9/04/2023 0:26,1,0,81,0,0,1,0
9/04/2023 0:26,1,0,81,0,0,1,0
9/04/2023 0:26,1,0,82,0,0,1,0
9/04/2023 0:26,1,0,84,0,0,1,0
9/04/2023 0:26,1,0,84,0,0,1,0
9/04/2023 0:26,1,0,84,0,0,1,0
9/04/2023 0:26,1,0,83,0,0,1,0
9/04/2023 0:26,1,0,82,0,0,1,0
9/04/2023 0:26,1,0,81,0,0,1,0
9/04/2023 0:26,1,0,80,0,0,1,0
9/04/2023 0:26,1,0,80,0,0,1,0
9/04/2023 0:26,1,0,81,0,0,1,0
9/04/2023 0:26,1,0,81,0,0,1,0
9/04/2023 0:26,1,0,81,0,0,1,0
9/04/2023 0:26,1,0,81,0,0,1,0
9/04/2023 0:26,1,0,81,0,0,1,0
9/04/2023 0:26,1,0,80,0,0,1,0
9/04/2023 0:26,1,0,79,0,0,1,0
9/04/2023 0:26,1,0,78,0,0,1,0
9/04/2023 0:26,1,0,78,0,0,1,0
9/04/2023 0:26,1,0,78,0,1,0,0
9/04/2023 0:27,1,1,78,0,1,0,0
9/04/2023 0:27,1,0,78,0,1,0,0
9/04/2023 0:27,1,0,78,0,1,0,0
9/04/2023 0:27,1,1,78,0,1,0,0
9/04/2023 0:27,1,1,78,0,1,0,0
9/04/2023 0:27,1,1,78,0,1,0,0
9/04/2023 0:27,1,1,79,0,1,0,0
9/04/2023 0:27,1,0,81,0,1,0,0
9/04/2023 0:27,1,0,81,0,1,0,0
9/04/2023 0:27,1,1,81,0,1,0,0
9/04/2023 0:27,1,1,81,0,1,0,0
9/04/2023 0:27,1,0,85,0,1,0,0
9/04/2023 0:27,1,1,87,0,1,0,0
9/04/2023 0:27,1,1,87,0,1,0,0
9/04/2023 0:27,1,1,103,0,1,0,0
9/04/2023 0:27,1,1,103,0,1,0,0
9/04/2023 0:27,1,1,104,0,1,0,0
9/04/2023 0:27,1,0,103,0,1,0,0
9/04/2023 0:27,1,0,103,0,1,0,0
9/04/2023 0:27,1,1,103,0,1,0,0
9/04/2023 0:27,1,0,101,0,1,0,0
9/04/2023 0:27,1,0,101,0,1,0,0
9/04/2023 0:27,1,0,99,0,1,0,0
9/04/2023 0:27,1,0,97,0,1,0,0
9/04/2023 0:27,1,0,97,0,1,0,0
9/04/2023 0:27,1,1,97,0,1,0,0
9/04/2023 0:27,1,1,97,0,1,0,0
9/04/2023 0:27,1,1,97,0,1,0,0
9/04/2023 0:27,1,0,98,0,1,0,0
9/04/2023 0:27,1,0,98,0,1,0,0
9/04/2023 0:27,1,1,98,0,1,0,0
9/04/2023 0:27,1,0,99,0,0,1,0
9/04/2023 0:27,1,0,99,0,0,1,0
9/04/2023 0:27,1,0,99,0,0,1,0
9/04/2023 0:27,1,0,96,0,1,0,0
9/04/2023 0:27,1,0,96,0,1,0,0
9/04/2023 0:27,1,2,96,0,1,0,0
9/04/2023 0:27,1,2,96,0,1,0,0
9/04/2023 0:27,1,0,96,0,0,1,0
9/04/2023 0:27,1,0,91,0,1,0,0
9/04/2023 0:27,1,0,91,0,1,0,0
9/04/2023 0:27,1,1,89,0,1,0,0
9/04/2023 0:27,1,0,89,0,1,0,0
9/04/2023 0:27,1,0,89,0,1,0,0
9/04/2023 0:27,1,0,89,0,1,0,0
9/04/2023 0:27,1,0,90,0,1,0,0
9/04/2023 0:27,1,0,90,0,1,0,0
9/04/2023 0:27,1,0,91,0,1,0,0
9/04/2023 0:27,1,2,91,0,1,0,0
9/04/2023 0:27,1,2,91,0,1,0,0
9/04/2023 0:27,1,0,91,0,1,0,0
9/04/2023 0:27,1,0,91,0,1,0,0
9/04/2023 0:27,1,0,94,0,1,0,0
9/04/2023 0:27,1,0,94,0,1,0,0
9/04/2023 0:27,1,0,94,0,1,0,0
9/04/2023 0:27,1,0,94,0,1,0,0
9/04/2023 0:27,1,1,96,0,1,0,0
9/04/2023 0:27,1,1,96,0,1,0,0
9/04/2023 0:27,1,1,98,0,1,0,0
9/04/2023 0:27,1,1,99,0,1,0,0
9/04/2023 0:27,1,1,99,0,1,0,0
9/04/2023 0:27,1,1,100,0,1,0,0
9/04/2023 0:27,1,1,100,0,1,0,0
9/04/2023 0:27,1,0,100,0,1,0,0
9/04/2023 0:27,1,0,99,0,1,0,0
9/04/2023 0:27,1,0,99,0,1,0,0
9/04/2023 0:27,1,0,99,0,1,0,0
9/04/2023 0:27,1,0,99,0,1,0,0
9/04/2023 0:27,1,1,100,0,1,0,0
9/04/2023 0:28,1,1,101,0,1,0,0
9/04/2023 0:28,1,1,101,0,1,0,0
9/04/2023 0:28,1,0,101,0,1,0,0
9/04/2023 0:28,1,0,101,0,1,0,0
9/04/2023 0:28,1,0,101,0,1,0,0
9/04/2023 0:28,1,0,101,0,1,0,0
9/04/2023 0:28,1,0,102,0,1,0,0
9/04/2023 0:28,1,2,103,0,1,0,0
9/04/2023 0:28,1,2,103,0,1,0,0
9/04/2023 0:28,1,1,103,0,1,0,0
9/04/2023 0:28,1,1,103,0,1,0,0
9/04/2023 0:28,1,1,103,0,1,0,0
9/04/2023 0:28,1,1,102,0,1,0,0
9/04/2023 0:28,1,1,102,0,1,0,0
9/04/2023 0:28,1,0,101,0,1,0,0
9/04/2023 0:28,1,0,101,0,1,0,0
9/04/2023 0:28,1,0,100,0,1,0,0
9/04/2023 0:28,1,0,100,0,1,0,0
9/04/2023 0:28,1,0,100,0,1,0,0
9/04/2023 0:28,1,1,100,0,1,0,0
9/04/2023 0:28,1,1,100,0,1,0,0
9/04/2023 0:28,1,0,101,0,1,0,0
9/04/2023 0:28,1,1,102,0,1,0,0
9/04/2023 0:28,1,1,102,0,1,0,0
9/04/2023 0:28,1,1,102,0,1,0,0
9/04/2023 0:28,1,1,102,0,1,0,0
9/04/2023 0:28,1,1,104,0,1,0,0
9/04/2023 0:28,1,1,104,0,1,0,0
9/04/2023 0:28,1,0,104,0,1,0,0
9/04/2023 0:28,1,0,104,0,1,0,0
9/04/2023 0:28,1,0,103,0,1,0,0
9/04/2023 0:28,1,0,102,0,1,0,0
9/04/2023 0:28,1,0,102,0,1,0,0
9/04/2023 0:28,1,1,102,0,1,0,0
9/04/2023 0:28,1,0,101,0,1,0,0
9/04/2023 0:28,1,0,101,0,1,0,0
9/04/2023 0:28,1,1,100,0,1,0,0
9/04/2023 0:28,1,0,99,0,0,1,0
9/04/2023 0:28,1,0,99,0,0,1,0
9/04/2023 0:28,1,0,99,0,1,0,0
9/04/2023 0:28,1,1,95,0,1,0,0
9/04/2023 0:28,1,1,92,0,1,0,0
9/04/2023 0:28,1,1,92,0,1,0,0
9/04/2023 0:28,1,0,92,0,1,0,0
9/04/2023 0:28,1,0,91,0,1,0,0
9/04/2023 0:28,1,0,91,0,1,0,0
9/04/2023 0:28,1,1,90,0,1,0,0
9/04/2023 0:28,1,1,90,0,1,0,0
9/04/2023 0:28,1,1,90,0,1,0,0
9/04/2023 0:28,1,0,89,0,1,0,0
9/04/2023 0:28,1,1,89,0,1,0,0
9/04/2023 0:28,1,1,89,0,1,0,0
9/04/2023 0:28,1,1,89,0,1,0,0
9/04/2023 0:28,1,0,90,0,1,0,0
9/04/2023 0:28,1,0,90,0,1,0,0
9/04/2023 0:28,1,1,90,0,1,0,0
9/04/2023 0:28,1,1,90,0,1,0,0
9/04/2023 0:28,1,1,92,0,0,1,0
9/04/2023 0:28,1,0,93,0,0,1,0
9/04/2023 0:28,1,0,93,0,0,1,0
9/04/2023 0:28,1,0,94,0,0,1,0
9/04/2023 0:28,1,0,94,0,0,1,0
9/04/2023 0:28,1,0,94,0,0,1,0
9/04/2023 0:28,1,0,93,0,0,1,0
9/04/2023 0:28,1,0,94,0,1,0,0
9/04/2023 0:28,1,0,91,0,0,0,1
9/04/2023 0:28,1,0,91,0,0,0,1
9/04/2023 0:28,1,0,91,0,0,0,1
9/04/2023 0:28,1,0,90,0,0,0,1
9/04/2023 0:29,1,0,89,0,0,0,1
9/04/2023 0:29,1,0,89,0,0,0,1
9/04/2023 0:29,1,0,88,0,0,0,1
9/04/2023 0:29,1,0,87,0,0,0,1
9/04/2023 0:29,1,0,87,0,0,0,1
9/04/2023 0:29,1,0,87,0,1,0,0
9/04/2023 0:29,1,2,86,0,1,0,0
9/04/2023 0:29,1,0,86,0,1,0,0
9/04/2023 0:29,1,0,86,0,1,0,0
9/04/2023 0:29,1,0,86,0,0,0,1
9/04/2023 0:29,1,0,85,0,0,0,1
9/04/2023 0:29,1,0,85,0,0,0,1
9/04/2023 0:29,1,0,85,0,0,0,1
9/04/2023 0:29,1,0,84,0,0,0,1
9/04/2023 0:29,1,0,85,0,0,0,1
9/04/2023 0:29,1,0,85,0,0,0,1
9/04/2023 0:29,1,0,85,0,0,0,1
9/04/2023 0:29,1,0,85,0,0,0,1
9/04/2023 0:29,1,0,85,0,0,0,1
9/04/2023 0:29,1,0,85,0,0,0,1
9/04/2023 0:29,1,0,84,0,0,0,1
9/04/2023 0:29,1,0,84,0,0,0,1
9/04/2023 0:29,1,0,84,0,0,0,1
9/04/2023 0:29,1,0,84,0,0,0,1
9/04/2023 0:29,1,0,84,0,0,0,1
9/04/2023 0:29,1,0,84,0,0,0,1
9/04/2023 0:29,1,0,84,0,0,0,1
9/04/2023 0:29,1,0,85,0,0,0,1
9/04/2023 0:29,1,0,85,0,0,0,1
9/04/2023 0:29,1,0,85,0,0,0,1
9/04/2023 0:29,1,0,90,0,0,1,0
9/04/2023 0:29,1,0,89,0,0,1,0
9/04/2023 0:29,1,1,88,0,1,0,0
9/04/2023 0:29,1,1,88,0,1,0,0
9/04/2023 0:29,1,0,87,0,0,0,1
9/04/2023 0:29,1,0,88,0,0,0,1
9/04/2023 0:29,1,0,88,0,0,0,1
9/04/2023 0:29,1,0,89,0,1,0,0
9/04/2023 0:29,1,0,89,0,1,0,0
9/04/2023 0:29,1,1,90,0,1,0,0
9/04/2023 0:29,1,0,92,0,0,0,1
9/04/2023 0:29,1,0,92,0,0,0,1
9/04/2023 0:29,1,0,92,0,0,0,1
9/04/2023 0:29,1,0,91,0,0,0,1
9/04/2023 0:29,1,0,91,0,0,0,1
9/04/2023 0:29,1,0,91,0,0,0,1
9/04/2023 0:29,1,0,91,0,0,0,1
9/04/2023 0:29,1,0,91,0,0,0,1
9/04/2023 0:29,1,0,90,0,0,0,1
9/04/2023 0:29,1,0,90,0,0,0,1
9/04/2023 0:29,1,0,90,0,0,0,1
9/04/2023 0:29,1,0,90,0,0,0,1
9/04/2023 0:29,1,0,89,0,0,0,1
9/04/2023 0:29,1,0,88,0,0,0,1
9/04/2023 0:29,1,0,88,0,1,0,0
9/04/2023 0:29,1,0,88,0,1,0,0
9/04/2023 0:29,1,0,86,0,0,1,0
9/04/2023 0:29,1,1,86,0,1,0,0
9/04/2023 0:29,1,1,86,0,1,0,0
9/04/2023 0:29,1,0,87,0,1,0,0
9/04/2023 0:29,1,0,87,0,1,0,0
9/04/2023 0:29,1,0,89,0,1,0,0
9/04/2023 0:29,1,0,89,0,1,0,0
9/04/2023 0:29,1,0,89,0,1,0,0
9/04/2023 0:29,1,1,89,0,1,0,0
9/04/2023 0:29,1,1,89,0,1,0,0
9/04/2023 9:20,3,2,251,0,1,0,0
9/04/2023 9:20,3,2,251,0,1,0,0
9/04/2023 9:20,3,1,113,0,1,0,0
9/04/2023 9:20,3,1,114,0,1,0,0
9/04/2023 9:20,3,1,114,0,1,0,0
9/04/2023 9:20,3,1,114,0,1,0,0
9/04/2023 9:20,3,1,114,0,1,0,0
9/04/2023 9:20,3,1,114,0,1,0,0
9/04/2023 9:20,3,1,114,0,1,0,0
9/04/2023 9:20,3,1,115,0,1,0,0
9/04/2023 9:20,3,1,115,0,1,0,0
9/04/2023 9:20,3,1,116,0,1,0,0
9/04/2023 9:20,3,1,116,0,1,0,0
9/04/2023 9:20,3,1,115,0,1,0,0
9/04/2023 9:20,3,1,115,0,1,0,0
9/04/2023 9:20,3,1,113,0,1,0,0
9/04/2023 9:20,3,1,111,0,1,0,0
9/04/2023 9:20,3,1,111,0,1,0,0
9/04/2023 9:20,3,1,110,0,1,0,0
9/04/2023 9:20,3,1,110,0,1,0,0
9/04/2023 9:20,3,1,109,0,1,0,0
9/04/2023 9:20,3,1,109,0,1,0,0
9/04/2023 9:20,3,1,108,0,1,0,0
9/04/2023 9:20,3,1,108,0,1,0,0
9/04/2023 9:20,3,1,108,0,1,0,0
9/04/2023 9:20,3,1,108,0,1,0,0
9/04/2023 9:20,3,1,108,0,1,0,0
9/04/2023 9:20,3,0,108,0,1,0,0
9/04/2023 9:20,3,0,108,0,1,0,0
9/04/2023 9:20,3,1,109,0,1,0,0
9/04/2023 9:20,3,1,109,0,1,0,0
9/04/2023 9:20,3,1,108,0,1,0,0
9/04/2023 9:20,3,1,107,0,1,0,0
9/04/2023 9:20,3,1,107,0,1,0,0
9/04/2023 9:20,3,1,106,0,1,0,0
9/04/2023 9:20,3,1,106,0,1,0,0
9/04/2023 9:20,3,1,104,0,1,0,0
9/04/2023 9:20,3,1,104,0,1,0,0
9/04/2023 9:20,3,1,104,0,1,0,0
9/04/2023 9:20,3,1,103,0,1,0,0
9/04/2023 9:20,3,1,103,0,1,0,0
9/04/2023 9:20,3,0,103,0,1,0,0
9/04/2023 9:20,3,0,102,0,1,0,0
9/04/2023 9:20,3,0,102,0,1,0,0
9/04/2023 9:20,3,0,106,0,1,0,0
9/04/2023 9:20,3,0,106,0,1,0,0
9/04/2023 9:20,3,1,106,0,1,0,0
9/04/2023 9:20,3,1,107,0,1,0,0
9/04/2023 9:20,3,1,107,0,1,0,0
9/04/2023 9:20,3,1,108,0,1,0,0
9/04/2023 9:20,3,1,108,0,1,0,0
9/04/2023 9:20,3,1,110,0,1,0,0
9/04/2023 9:20,3,1,110,0,1,0,0
9/04/2023 9:20,3,1,112,0,1,0,0
9/04/2023 9:20,3,1,112,0,1,0,0
9/04/2023 9:20,3,1,112,0,1,0,0
9/04/2023 9:20,3,1,112,0,1,0,0
9/04/2023 9:20,3,1,113,0,1,0,0
9/04/2023 9:20,3,1,113,0,1,0,0
9/04/2023 9:20,3,1,112,0,1,0,0
9/04/2023 9:20,3,1,112,0,1,0,0
9/04/2023 9:20,3,1,111,0,1,0,0
9/04/2023 9:20,3,1,110,0,1,0,0
9/04/2023 9:20,3,1,110,0,1,0,0
9/04/2023 9:20,3,1,109,0,1,0,0
9/04/2023 9:20,3,1,109,0,1,0,0
9/04/2023 9:20,3,1,108,0,1,0,0
9/04/2023 9:20,3,1,108,0,1,0,0
9/04/2023 9:20,3,1,108,0,1,0,0
9/04/2023 9:20,3,1,108,0,1,0,0
9/04/2023 9:20,3,1,110,0,1,0,0
9/04/2023 9:20,3,1,110,0,1,0,0
9/04/2023 9:20,3,1,111,0,1,0,0
9/04/2023 9:20,3,1,111,0,1,0,0
9/04/2023 9:20,3,1,112,0,1,0,0
9/04/2023 9:20,3,1,112,0,1,0,0
9/04/2023 9:20,3,1,113,0,1,0,0
9/04/2023 9:20,3,1,113,0,1,0,0
9/04/2023 9:20,3,1,114,0,1,0,0
9/04/2023 9:21,3,1,115,0,1,0,0
9/04/2023 9:21,3,1,115,0,1,0,0
9/04/2023 9:21,3,0,115,0,1,0,0
9/04/2023 9:21,3,0,115,0,1,0,0
9/04/2023 9:21,3,1,115,0,1,0,0
9/04/2023 9:21,3,1,115,0,1,0,0
9/04/2023 9:21,3,1,115,0,1,0,0
9/04/2023 9:21,3,1,115,0,1,0,0
9/04/2023 9:21,3,1,115,0,1,0,0
9/04/2023 9:21,3,1,115,0,1,0,0
9/04/2023 9:21,3,1,110,0,1,0,0
9/04/2023 9:21,3,1,110,0,1,0,0
9/04/2023 9:21,3,1,110,0,1,0,0
9/04/2023 9:21,3,1,110,0,1,0,0
9/04/2023 9:21,3,1,110,0,1,0,0
9/04/2023 9:21,3,1,110,0,1,0,0
9/04/2023 9:21,3,1,111,0,1,0,0
9/04/2023 9:21,3,1,111,0,1,0,0
9/04/2023 9:21,3,1,112,0,1,0,0
9/04/2023 9:21,3,1,112,0,1,0,0
9/04/2023 9:21,3,1,112,0,1,0,0
9/04/2023 9:21,3,1,112,0,1,0,0
9/04/2023 9:21,3,1,113,0,1,0,0
9/04/2023 9:21,3,1,112,0,1,0,0
9/04/2023 9:21,3,1,112,0,1,0,0
9/04/2023 9:21,3,1,111,0,1,0,0
9/04/2023 9:21,3,1,111,0,1,0,0
9/04/2023 9:21,3,1,110,0,1,0,0
9/04/2023 9:21,3,1,110,0,1,0,0
9/04/2023 9:21,3,1,109,0,1,0,0
9/04/2023 9:21,3,1,109,0,1,0,0
9/04/2023 9:21,3,1,109,0,1,0,0
9/04/2023 9:21,3,1,109,0,1,0,0
9/04/2023 9:21,3,1,110,0,1,0,0
9/04/2023 9:21,3,1,110,0,1,0,0
9/04/2023 9:21,3,1,111,0,1,0,0
9/04/2023 9:21,3,1,111,0,1,0,0
9/04/2023 9:21,3,1,112,0,1,0,0
9/04/2023 9:21,3,1,112,0,1,0,0
9/04/2023 9:21,3,1,114,0,1,0,0
9/04/2023 9:21,3,1,114,0,1,0,0
9/04/2023 9:21,3,1,114,0,1,0,0
9/04/2023 9:21,3,0,114,0,1,0,0
9/04/2023 9:21,3,0,114,0,1,0,0
9/04/2023 9:21,3,1,113,0,1,0,0
9/04/2023 9:21,3,1,113,0,1,0,0
9/04/2023 9:21,3,1,113,0,1,0,0
9/04/2023 9:21,3,1,113,0,1,0,0
9/04/2023 9:21,3,1,113,0,1,0,0
9/04/2023 9:21,3,1,113,0,1,0,0
9/04/2023 9:21,3,1,113,0,1,0,0
9/04/2023 9:21,3,1,113,0,1,0,0
9/04/2023 9:21,3,1,113,0,1,0,0
9/04/2023 9:21,3,1,113,0,1,0,0
9/04/2023 9:21,3,1,113,0,1,0,0
9/04/2023 9:21,3,1,112,0,1,0,0
9/04/2023 9:21,3,1,112,0,1,0,0
9/04/2023 9:21,3,1,110,0,1,0,0
9/04/2023 9:21,3,1,110,0,1,0,0
9/04/2023 9:21,3,1,110,0,1,0,0
9/04/2023 9:21,3,1,110,0,1,0,0
9/04/2023 9:21,3,1,111,0,1,0,0
9/04/2023 9:21,3,1,111,0,1,0,0
9/04/2023 9:21,3,1,112,0,1,0,0
9/04/2023 9:21,3,1,112,0,1,0,0
9/04/2023 9:21,3,1,111,0,1,0,0
9/04/2023 9:21,3,1,108,0,1,0,0
9/04/2023 9:21,3,1,108,0,1,0,0
9/04/2023 9:21,3,1,107,0,1,0,0
9/04/2023 9:21,3,1,107,0,1,0,0
9/04/2023 9:21,3,1,106,0,1,0,0
9/04/2023 9:21,3,1,106,0,1,0,0
9/04/2023 9:21,3,1,106,0,1,0,0
9/04/2023 9:21,3,1,107,0,1,0,0
9/04/2023 9:21,3,1,107,0,1,0,0
9/04/2023 9:21,3,1,107,0,1,0,0
9/04/2023 9:21,3,1,107,0,1,0,0
9/04/2023 9:21,3,1,108,0,1,0,0
9/04/2023 9:21,3,1,108,0,1,0,0
9/04/2023 9:21,3,1,109,0,1,0,0
9/04/2023 9:21,3,1,109,0,1,0,0
9/04/2023 9:22,3,0,110,0,1,0,0
9/04/2023 9:22,3,0,110,0,1,0,0
9/04/2023 9:22,3,1,111,0,1,0,0
9/04/2023 9:22,3,1,111,0,1,0,0
9/04/2023 9:22,3,1,112,0,1,0,0
9/04/2023 9:22,3,1,112,0,1,0,0
9/04/2023 9:22,3,1,112,0,1,0,0
9/04/2023 9:22,3,1,112,0,1,0,0
9/04/2023 9:22,3,1,112,0,1,0,0
9/04/2023 9:22,3,1,111,0,1,0,0
9/04/2023 9:22,3,1,111,0,1,0,0
9/04/2023 9:22,3,2,111,0,1,0,0
9/04/2023 9:22,3,2,111,0,1,0,0
9/04/2023 9:22,3,0,112,0,1,0,0
9/04/2023 9:22,3,0,112,0,1,0,0
9/04/2023 9:22,3,1,112,0,1,0,0
9/04/2023 9:22,3,1,112,0,1,0,0
9/04/2023 9:22,3,1,113,0,1,0,0
9/04/2023 9:22,3,1,113,0,1,0,0
9/04/2023 9:22,3,2,115,0,1,0,0
9/04/2023 9:22,3,2,115,0,1,0,0
9/04/2023 9:22,3,2,123,0,1,0,0
9/04/2023 9:22,3,2,123,0,1,0,0
9/04/2023 9:22,3,2,124,0,1,0,0
9/04/2023 9:22,3,2,124,0,1,0,0
9/04/2023 9:22,3,2,124,0,1,0,0
9/04/2023 9:22,3,2,124,0,1,0,0
9/04/2023 9:22,3,1,124,0,1,0,0
9/04/2023 9:22,3,1,124,0,1,0,0
9/04/2023 9:22,3,1,123,0,1,0,0
9/04/2023 9:22,3,1,123,0,1,0,0
9/04/2023 9:22,3,1,123,0,1,0,0
9/04/2023 9:22,3,0,123,0,1,0,0
9/04/2023 9:22,3,0,123,0,1,0,0
9/04/2023 9:22,3,0,124,0,1,0,0
9/04/2023 9:22,3,0,124,0,1,0,0
9/04/2023 9:22,3,2,124,0,1,0,0
9/04/2023 9:22,3,2,124,0,1,0,0
9/04/2023 9:22,3,1,125,0,1,0,0
9/04/2023 9:22,3,1,125,0,1,0,0
9/04/2023 9:22,3,2,125,0,1,0,0
9/04/2023 9:22,3,2,125,0,1,0,0
9/04/2023 9:22,3,2,125,0,1,0,0
9/04/2023 9:22,3,2,125,0,1,0,0
9/04/2023 9:22,3,2,124,0,1,0,0
9/04/2023 9:22,3,2,124,0,1,0,0
9/04/2023 9:22,3,2,124,0,1,0,0
9/04/2023 9:22,3,2,124,0,1,0,0
9/04/2023 9:22,3,2,123,0,1,0,0
9/04/2023 9:22,3,2,123,0,1,0,0
9/04/2023 9:22,3,2,122,0,1,0,0
9/04/2023 9:22,3,2,122,0,1,0,0
9/04/2023 9:22,3,2,121,0,1,0,0
9/04/2023 9:22,3,2,121,0,1,0,0
9/04/2023 9:22,3,1,121,0,1,0,0
9/04/2023 9:22,3,1,121,0,1,0,0
9/04/2023 9:22,3,2,120,0,1,0,0
9/04/2023 9:22,3,2,120,0,1,0,0
9/04/2023 9:22,3,1,119,0,1,0,0
9/04/2023 9:22,3,1,119,0,1,0,0
9/04/2023 9:22,3,0,120,0,1,0,0
9/04/2023 9:22,3,0,120,0,1,0,0
9/04/2023 9:22,3,2,120,0,1,0,0
9/04/2023 9:22,3,2,120,0,1,0,0
9/04/2023 9:22,3,2,121,0,1,0,0
9/04/2023 9:22,3,2,121,0,1,0,0
9/04/2023 9:22,3,2,121,0,1,0,0
9/04/2023 9:22,3,2,121,0,1,0,0
9/04/2023 9:22,3,2,122,0,1,0,0
9/04/2023 9:22,3,2,122,0,1,0,0
9/04/2023 9:22,3,2,122,0,1,0,0
9/04/2023 9:22,3,2,122,0,1,0,0
9/04/2023 9:22,3,2,116,0,1,0,0
9/04/2023 9:22,3,2,116,0,1,0,0
9/04/2023 9:22,3,1,116,0,1,0,0
9/04/2023 9:22,3,1,116,0,1,0,0
9/04/2023 9:22,3,2,117,0,1,0,0
9/04/2023 9:22,3,2,117,0,1,0,0
9/04/2023 9:22,3,1,117,0,1,0,0
9/04/2023 9:22,3,1,117,0,1,0,0
9/04/2023 9:22,3,0,118,0,1,0,0
9/04/2023 9:22,3,0,118,0,1,0,0
9/04/2023 9:22,3,1,119,0,1,0,0
9/04/2023 9:22,3,1,119,0,1,0,0
9/04/2023 9:22,3,1,119,0,1,0,0
9/04/2023 9:22,3,1,119,0,1,0,0
9/04/2023 9:22,3,0,119,0,1,0,0
9/04/2023 9:22,3,0,119,0,1,0,0
9/04/2023 9:23,3,0,118,0,1,0,0
9/04/2023 9:23,3,0,118,0,1,0,0
9/04/2023 9:23,3,2,117,0,1,0,0
9/04/2023 9:23,3,2,117,0,1,0,0
9/04/2023 9:23,3,1,117,0,1,0,0
9/04/2023 9:23,3,1,117,0,1,0,0
9/04/2023 9:23,3,2,116,0,1,0,0
9/04/2023 9:23,3,2,116,0,1,0,0
9/04/2023 9:23,3,2,116,0,1,0,0
9/04/2023 9:23,3,2,116,0,1,0,0
9/04/2023 9:23,3,2,116,0,1,0,0
9/04/2023 9:23,3,2,116,0,1,0,0
9/04/2023 9:23,3,1,115,0,1,0,0
9/04/2023 9:23,3,1,115,0,1,0,0
9/04/2023 9:23,3,0,115,0,1,0,0
9/04/2023 9:23,3,0,115,0,1,0,0
9/04/2023 9:23,3,0,115,0,1,0,0
9/04/2023 9:23,3,0,115,0,1,0,0
9/04/2023 9:23,3,0,115,0,1,0,0
9/04/2023 9:23,3,1,114,0,1,0,0
9/04/2023 9:23,3,1,114,0,1,0,0
9/04/2023 9:23,3,1,113,0,1,0,0
9/04/2023 9:23,3,1,113,0,1,0,0
9/04/2023 9:23,3,2,113,0,1,0,0
9/04/2023 9:23,3,2,113,0,1,0,0
9/04/2023 9:23,3,2,113,0,1,0,0
9/04/2023 9:23,3,2,113,0,1,0,0
9/04/2023 9:23,3,1,113,0,1,0,0
9/04/2023 9:23,3,1,113,0,1,0,0
9/04/2023 9:23,3,1,113,0,1,0,0
9/04/2023 9:23,3,0,113,0,1,0,0
9/04/2023 9:23,3,0,113,0,1,0,0
9/04/2023 9:23,3,2,113,0,1,0,0
9/04/2023 9:23,3,2,113,0,1,0,0
9/04/2023 9:23,3,1,113,0,1,0,0
9/04/2023 9:23,3,1,113,0,1,0,0
9/04/2023 9:23,3,1,113,0,1,0,0
9/04/2023 9:23,3,1,113,0,1,0,0
9/04/2023 9:23,3,2,113,0,1,0,0
9/04/2023 9:23,3,2,113,0,1,0,0
9/04/2023 9:23,3,0,113,0,1,0,0
9/04/2023 9:23,3,1,113,0,1,0,0
9/04/2023 9:23,3,1,113,0,1,0,0
9/04/2023 9:23,3,0,114,0,1,0,0
9/04/2023 9:23,3,0,114,0,1,0,0
9/04/2023 9:23,3,0,114,0,1,0,0
9/04/2023 9:23,3,0,114,0,1,0,0
9/04/2023 9:23,3,1,115,0,1,0,0
9/04/2023 9:23,3,1,115,0,1,0,0
9/04/2023 9:23,3,1,116,0,1,0,0
9/04/2023 9:23,3,1,116,0,1,0,0
9/04/2023 9:23,3,1,116,0,1,0,0
9/04/2023 9:23,3,2,117,0,1,0,0
9/04/2023 9:23,3,2,117,0,1,0,0
9/04/2023 9:23,3,1,119,0,1,0,0
9/04/2023 9:23,3,1,119,0,1,0,0
9/04/2023 9:23,3,1,120,0,1,0,0
9/04/2023 9:23,3,1,120,0,1,0,0
9/04/2023 9:23,3,1,120,0,1,0,0
9/04/2023 9:23,3,1,120,0,1,0,0
9/04/2023 9:23,3,2,120,0,1,0,0
9/04/2023 9:23,3,2,120,0,1,0,0
9/04/2023 9:23,3,1,120,0,1,0,0
9/04/2023 9:23,3,1,120,0,1,0,0
9/04/2023 9:23,3,0,120,0,1,0,0
9/04/2023 9:23,3,0,120,0,1,0,0
9/04/2023 9:23,3,1,120,0,1,0,0
9/04/2023 9:23,3,1,120,0,1,0,0
9/04/2023 9:23,3,0,119,0,1,0,0
9/04/2023 9:23,3,0,119,0,1,0,0
9/04/2023 9:23,3,0,119,0,1,0,0
9/04/2023 9:23,3,0,119,0,1,0,0
9/04/2023 9:23,3,1,120,0,1,0,0
9/04/2023 9:23,3,1,120,0,1,0,0
9/04/2023 9:23,3,2,120,0,1,0,0
9/04/2023 9:23,3,2,120,0,1,0,0
9/04/2023 9:23,3,2,119,0,1,0,0
9/04/2023 9:23,3,1,119,0,1,0,0
9/04/2023 9:23,3,1,119,0,1,0,0
9/04/2023 9:23,3,0,119,0,1,0,0
9/04/2023 9:23,3,0,119,0,1,0,0
9/04/2023 9:23,3,1,113,0,1,0,0
9/04/2023 9:23,3,1,113,0,1,0,0
9/04/2023 9:23,3,2,113,0,1,0,0
9/04/2023 9:23,3,2,113,0,1,0,0
9/04/2023 9:24,3,1,114,0,1,0,0
9/04/2023 9:24,3,1,114,0,1,0,0
9/04/2023 9:24,3,1,114,0,1,0,0
9/04/2023 9:24,3,1,114,0,1,0,0
9/04/2023 9:24,3,1,115,0,1,0,0
9/04/2023 9:24,3,1,115,0,1,0,0
9/04/2023 9:24,3,1,116,0,1,0,0
9/04/2023 9:24,3,1,116,0,1,0,0
9/04/2023 9:24,3,1,117,0,1,0,0
9/04/2023 9:24,3,1,117,0,1,0,0
9/04/2023 9:24,3,1,117,0,1,0,0
9/04/2023 9:24,3,1,117,0,1,0,0
9/04/2023 9:24,3,0,119,0,1,0,0
9/04/2023 9:24,3,0,119,0,1,0,0
9/04/2023 9:24,3,2,120,0,1,0,0
9/04/2023 9:24,3,2,120,0,1,0,0
9/04/2023 9:24,3,0,121,0,1,0,0
9/04/2023 9:24,3,0,121,0,1,0,0
9/04/2023 9:24,3,2,121,0,1,0,0
9/04/2023 9:24,3,2,121,0,1,0,0
9/04/2023 9:24,3,2,121,0,1,0,0
9/04/2023 9:24,3,2,121,0,1,0,0
9/04/2023 9:24,3,1,120,0,1,0,0
9/04/2023 9:24,3,1,120,0,1,0,0
9/04/2023 9:24,3,2,120,0,1,0,0
9/04/2023 9:24,3,2,120,0,1,0,0
9/04/2023 9:24,3,2,120,0,1,0,0
9/04/2023 9:24,3,2,120,0,1,0,0
9/04/2023 9:24,3,2,119,0,1,0,0
9/04/2023 9:24,3,2,119,0,1,0,0
9/04/2023 9:24,3,1,119,0,1,0,0
9/04/2023 9:24,3,1,119,0,1,0,0
9/04/2023 9:24,3,2,119,0,1,0,0
9/04/2023 9:24,3,2,119,0,1,0,0
9/04/2023 9:24,3,2,119,0,1,0,0
9/04/2023 9:24,3,2,119,0,1,0,0
9/04/2023 9:24,3,1,118,0,1,0,0
9/04/2023 9:24,3,1,118,0,1,0,0
9/04/2023 9:24,3,2,117,0,1,0,0
9/04/2023 9:24,3,2,117,0,1,0,0
9/04/2023 9:24,3,2,116,0,1,0,0
9/04/2023 9:24,3,2,116,0,1,0,0
9/04/2023 9:24,3,2,116,0,1,0,0
9/04/2023 9:24,3,2,116,0,1,0,0
9/04/2023 9:24,3,1,116,0,1,0,0
9/04/2023 9:24,3,2,114,0,1,0,0
9/04/2023 9:24,3,2,114,0,1,0,0
9/04/2023 9:24,3,0,114,0,1,0,0
9/04/2023 9:24,3,0,114,0,1,0,0
9/04/2023 9:24,3,0,115,0,1,0,0
9/04/2023 9:24,3,0,115,0,1,0,0
9/04/2023 9:24,3,0,115,0,0,1,0
9/04/2023 9:24,3,0,115,0,0,1,0
9/04/2023 9:24,3,0,116,0,0,1,0
9/04/2023 9:24,3,0,116,0,0,1,0
9/04/2023 9:24,3,0,117,0,0,1,0
9/04/2023 9:24,3,0,117,0,0,1,0
9/04/2023 9:24,3,0,117,0,0,1,0
9/04/2023 9:24,3,0,117,0,0,1,0
9/04/2023 9:24,3,2,118,0,1,0,0
9/04/2023 9:24,3,2,118,0,1,0,0
9/04/2023 9:24,3,0,118,0,1,0,0
9/04/2023 9:24,3,0,118,0,1,0,0
9/04/2023 9:24,3,1,118,0,1,0,0
9/04/2023 9:24,3,1,118,0,1,0,0
9/04/2023 9:24,3,2,118,0,1,0,0
9/04/2023 9:24,3,2,118,0,1,0,0
9/04/2023 9:24,3,0,117,0,1,0,0
9/04/2023 9:24,3,0,117,0,1,0,0
9/04/2023 9:24,3,0,118,0,1,0,0
9/04/2023 9:24,3,0,118,0,1,0,0
9/04/2023 9:24,3,1,118,0,1,0,0
9/04/2023 9:24,3,1,117,0,1,0,0
9/04/2023 9:24,3,1,117,0,1,0,0
9/04/2023 9:24,3,0,116,0,1,0,0
9/04/2023 9:24,3,0,116,0,1,0,0
9/04/2023 9:24,3,0,113,0,1,0,0
9/04/2023 9:24,3,0,113,0,1,0,0
9/04/2023 9:24,3,0,111,0,1,0,0
9/04/2023 9:24,3,0,110,0,0,1,0
9/04/2023 9:24,3,0,110,0,0,1,0
9/04/2023 9:24,3,1,110,0,1,0,0
9/04/2023 9:24,3,1,110,0,1,0,0
9/04/2023 9:24,3,1,111,0,1,0,0
9/04/2023 9:24,3,1,111,0,1,0,0
9/04/2023 9:24,3,1,112,0,1,0,0
9/04/2023 9:24,3,1,112,0,1,0,0
9/04/2023 9:24,3,0,113,0,0,1,0
9/04/2023 9:24,3,0,113,0,0,1,0
9/04/2023 9:24,3,0,113,0,0,1,0
9/04/2023 9:24,3,0,113,0,0,1,0
9/04/2023 9:24,3,0,113,0,0,1,0
9/04/2023 9:24,3,0,113,0,0,1,0
9/04/2023 9:25,3,1,115,0,1,0,0
9/04/2023 9:25,3,1,115,0,1,0,0
9/04/2023 9:25,3,1,115,0,1,0,0
9/04/2023 9:25,3,1,115,0,1,0,0
9/04/2023 9:25,3,0,115,0,1,0,0
9/04/2023 9:25,3,0,115,0,1,0,0
9/04/2023 9:25,3,1,115,0,1,0,0
9/04/2023 9:25,3,1,115,0,1,0,0
9/04/2023 9:25,3,1,115,0,1,0,0
9/04/2023 9:25,3,1,115,0,1,0,0
9/04/2023 9:25,3,1,115,0,1,0,0
9/04/2023 9:25,3,1,115,0,1,0,0
9/04/2023 9:25,3,1,115,0,1,0,0
9/04/2023 9:25,3,1,115,0,1,0,0
9/04/2023 9:25,3,1,115,0,1,0,0
9/04/2023 9:25,3,1,115,0,1,0,0
9/04/2023 9:25,3,1,115,0,1,0,0
9/04/2023 9:25,3,1,115,0,1,0,0
9/04/2023 9:25,3,1,114,0,1,0,0
9/04/2023 9:25,3,1,114,0,1,0,0
9/04/2023 9:25,3,0,114,0,1,0,0
9/04/2023 9:25,3,1,114,0,1,0,0
9/04/2023 9:25,3,1,114,0,1,0,0
9/04/2023 9:25,3,1,114,0,1,0,0
9/04/2023 9:25,3,1,114,0,1,0,0
9/04/2023 9:25,3,1,115,0,1,0,0
9/04/2023 9:25,3,1,115,0,1,0,0
9/04/2023 9:25,3,1,115,0,1,0,0
9/04/2023 9:25,3,1,115,0,1,0,0
9/04/2023 9:25,3,1,115,0,1,0,0
9/04/2023 9:25,3,1,115,0,1,0,0
9/04/2023 9:25,3,1,116,0,1,0,0
9/04/2023 9:25,3,1,116,0,1,0,0
9/04/2023 9:25,3,1,117,0,1,0,0
9/04/2023 9:25,3,1,117,0,1,0,0
9/04/2023 9:25,3,1,117,0,1,0,0
9/04/2023 9:25,3,1,117,0,1,0,0
9/04/2023 9:25,3,1,118,0,1,0,0
9/04/2023 9:25,3,1,118,0,1,0,0
9/04/2023 9:25,3,1,119,0,1,0,0
9/04/2023 9:25,3,1,119,0,1,0,0
9/04/2023 9:25,3,0,120,0,1,0,0
9/04/2023 9:25,3,0,120,0,1,0,0
9/04/2023 9:25,3,0,120,0,1,0,0
9/04/2023 9:25,3,1,121,0,1,0,0
9/04/2023 9:25,3,1,121,0,1,0,0
9/04/2023 9:25,3,1,122,0,1,0,0
9/04/2023 9:25,3,1,121,0,1,0,0
9/04/2023 9:25,3,1,121,0,1,0,0
9/04/2023 9:25,3,1,115,0,1,0,0
9/04/2023 9:25,3,1,115,0,1,0,0
9/04/2023 9:25,3,1,116,0,1,0,0
9/04/2023 9:25,3,1,116,0,1,0,0
9/04/2023 9:25,3,1,117,0,1,0,0
9/04/2023 9:25,3,1,117,0,1,0,0
9/04/2023 9:25,3,1,118,0,1,0,0
9/04/2023 9:25,3,1,118,0,1,0,0
9/04/2023 9:25,3,1,118,0,1,0,0
9/04/2023 9:25,3,1,118,0,1,0,0
9/04/2023 9:25,3,1,118,0,1,0,0
9/04/2023 9:25,3,1,118,0,1,0,0
9/04/2023 9:25,3,1,118,0,1,0,0
9/04/2023 9:25,3,1,118,0,1,0,0
9/04/2023 9:25,3,1,118,0,1,0,0
9/04/2023 9:25,3,1,118,0,1,0,0
9/04/2023 9:25,3,1,118,0,1,0,0
9/04/2023 9:25,3,1,118,0,1,0,0
9/04/2023 9:25,3,1,117,0,1,0,0
9/04/2023 9:25,3,1,117,0,1,0,0
9/04/2023 9:25,3,1,117,0,1,0,0
9/04/2023 9:25,3,1,117,0,1,0,0
9/04/2023 9:25,3,0,117,0,1,0,0
9/04/2023 9:25,3,0,117,0,1,0,0
9/04/2023 9:25,3,1,116,0,1,0,0
9/04/2023 9:25,3,1,116,0,1,0,0
9/04/2023 9:25,3,1,116,0,1,0,0
9/04/2023 9:25,3,1,116,0,1,0,0
9/04/2023 9:25,3,1,116,0,1,0,0
9/04/2023 9:25,3,1,116,0,1,0,0
9/04/2023 9:25,3,1,117,0,1,0,0
9/04/2023 9:25,3,1,117,0,1,0,0
9/04/2023 9:25,3,1,118,0,1,0,0
9/04/2023 9:25,3,1,118,0,1,0,0
9/04/2023 9:25,3,1,119,0,1,0,0
9/04/2023 9:25,3,1,119,0,1,0,0
9/04/2023 9:25,3,1,120,0,1,0,0
9/04/2023 9:25,3,1,120,0,1,0,0
9/04/2023 9:25,3,1,120,0,1,0,0
9/04/2023 9:25,3,1,120,0,1,0,0
9/04/2023 9:25,3,0,120,0,1,0,0
9/04/2023 9:25,3,0,120,0,1,0,0
9/04/2023 9:25,3,1,121,0,1,0,0
9/04/2023 9:25,3,1,121,0,1,0,0
9/04/2023 9:25,3,1,121,0,1,0,0
9/04/2023 9:25,3,1,121,0,1,0,0
9/04/2023 9:26,3,1,122,0,1,0,0
9/04/2023 9:26,3,1,122,0,1,0,0
9/04/2023 9:26,3,1,122,0,1,0,0
9/04/2023 9:26,3,1,122,0,1,0,0
9/04/2023 9:26,3,1,125,0,1,0,0
9/04/2023 9:26,3,1,125,0,1,0,0
9/04/2023 9:26,3,1,125,0,1,0,0
9/04/2023 9:26,3,1,125,0,1,0,0
9/04/2023 9:26,3,1,125,0,1,0,0
9/04/2023 9:26,3,1,125,0,1,0,0
9/04/2023 9:26,3,1,124,0,1,0,0
9/04/2023 9:26,3,1,124,0,1,0,0
9/04/2023 9:26,3,1,123,0,1,0,0
9/04/2023 9:26,3,1,123,0,1,0,0
9/04/2023 9:26,3,1,122,0,1,0,0
9/04/2023 9:26,3,1,122,0,1,0,0
9/04/2023 9:26,3,1,121,0,1,0,0
9/04/2023 9:26,3,1,121,0,1,0,0
9/04/2023 9:26,3,1,120,0,1,0,0
9/04/2023 9:26,3,1,120,0,1,0,0
9/04/2023 9:26,3,1,120,0,1,0,0
9/04/2023 9:26,3,1,120,0,1,0,0
9/04/2023 9:26,3,1,121,0,1,0,0
9/04/2023 9:26,3,1,121,0,1,0,0
9/04/2023 9:26,3,1,122,0,1,0,0
9/04/2023 9:26,3,1,122,0,1,0,0
9/04/2023 9:26,3,0,122,0,1,0,0
9/04/2023 9:26,3,0,122,0,1,0,0
9/04/2023 9:26,3,1,122,0,1,0,0
9/04/2023 9:26,3,1,122,0,1,0,0
9/04/2023 9:26,3,0,123,0,1,0,0
9/04/2023 9:26,3,0,123,0,1,0,0
9/04/2023 9:26,3,1,123,0,1,0,0
9/04/2023 9:26,3,1,123,0,1,0,0
9/04/2023 9:26,3,1,124,0,1,0,0
9/04/2023 9:26,3,1,124,0,1,0,0
9/04/2023 9:26,3,1,124,0,1,0,0
9/04/2023 9:26,3,1,124,0,1,0,0
9/04/2023 9:26,3,1,124,0,1,0,0
9/04/2023 9:26,3,1,124,0,1,0,0
9/04/2023 9:26,3,1,124,0,1,0,0
9/04/2023 9:26,3,1,124,0,1,0,0
9/04/2023 9:26,3,1,124,0,1,0,0
9/04/2023 9:26,3,1,125,0,1,0,0
9/04/2023 9:26,3,1,125,0,1,0,0
9/04/2023 9:26,3,1,125,0,1,0,0
9/04/2023 9:26,3,1,125,0,1,0,0
9/04/2023 9:26,3,1,125,0,1,0,0
9/04/2023 9:26,3,1,125,0,1,0,0
9/04/2023 9:26,3,1,125,0,1,0,0
9/04/2023 9:26,3,1,125,0,1,0,0
9/04/2023 9:26,3,1,124,0,1,0,0
9/04/2023 9:26,3,1,124,0,1,0,0
9/04/2023 9:26,3,1,124,0,1,0,0
9/04/2023 9:26,3,1,124,0,1,0,0
9/04/2023 9:26,3,1,126,0,1,0,0
9/04/2023 9:26,3,1,126,0,1,0,0
9/04/2023 9:26,3,1,126,0,1,0,0
9/04/2023 9:26,3,1,126,0,1,0,0
9/04/2023 9:26,3,1,126,0,1,0,0
9/04/2023 9:26,3,1,127,0,1,0,0
9/04/2023 9:26,3,1,127,0,1,0,0
9/04/2023 9:26,3,1,128,0,1,0,0
9/04/2023 9:26,3,1,128,0,1,0,0
9/04/2023 9:26,3,1,128,0,1,0,0
9/04/2023 9:26,3,1,128,0,1,0,0
9/04/2023 9:26,3,1,128,0,1,0,0
9/04/2023 9:26,3,1,128,0,1,0,0
9/04/2023 9:26,3,1,129,0,1,0,0
9/04/2023 9:26,3,1,129,0,1,0,0
9/04/2023 9:26,3,0,129,0,1,0,0
9/04/2023 9:26,3,0,129,0,1,0,0
9/04/2023 9:26,3,0,129,0,1,0,0
9/04/2023 9:26,3,1,129,0,1,0,0
9/04/2023 9:26,3,1,129,0,1,0,0
9/04/2023 9:26,3,1,129,0,1,0,0
9/04/2023 9:26,3,1,129,0,1,0,0
9/04/2023 9:26,3,1,130,0,1,0,0
9/04/2023 9:26,3,1,130,0,1,0,0
9/04/2023 9:26,3,1,130,0,1,0,0
9/04/2023 9:26,3,1,130,0,1,0,0
9/04/2023 9:26,3,1,129,0,1,0,0
9/04/2023 9:26,3,1,129,0,1,0,0
9/04/2023 9:26,3,1,129,0,1,0,0
9/04/2023 9:26,3,1,129,0,1,0,0
9/04/2023 9:26,3,1,129,0,1,0,0
9/04/2023 9:26,3,1,129,0,1,0,0
9/04/2023 9:26,3,1,129,0,1,0,0
9/04/2023 9:26,3,1,129,0,1,0,0
9/04/2023 9:26,3,1,129,0,1,0,0
9/04/2023 9:26,3,1,129,0,1,0,0
9/04/2023 9:26,3,1,129,0,1,0,0
9/04/2023 9:27,3,1,129,0,1,0,0
9/04/2023 9:27,3,1,129,0,1,0,0
9/04/2023 9:27,3,1,130,0,1,0,0
9/04/2023 9:27,3,1,130,0,1,0,0
9/04/2023 9:27,3,1,130,0,1,0,0
9/04/2023 9:27,3,1,130,0,1,0,0
9/04/2023 9:27,3,1,130,0,1,0,0
9/04/2023 9:27,3,1,130,0,1,0,0
9/04/2023 9:27,3,1,130,0,1,0,0
9/04/2023 9:27,3,1,131,0,1,0,0
9/04/2023 9:27,3,1,131,0,1,0,0
9/04/2023 9:27,3,1,131,0,1,0,0
9/04/2023 9:27,3,1,131,0,1,0,0
9/04/2023 9:27,3,1,131,0,1,0,0
9/04/2023 9:27,3,1,131,0,1,0,0
9/04/2023 9:27,3,1,131,0,1,0,0
9/04/2023 9:27,3,1,131,0,1,0,0
9/04/2023 9:27,3,1,131,0,1,0,0
9/04/2023 9:27,3,1,134,0,1,0,0
9/04/2023 9:27,3,1,134,0,1,0,0
9/04/2023 9:27,3,1,134,0,1,0,0
9/04/2023 9:27,3,1,134,0,1,0,0
9/04/2023 9:27,3,1,134,0,1,0,0
9/04/2023 9:27,3,1,135,0,1,0,0
9/04/2023 9:27,3,1,135,0,1,0,0
9/04/2023 9:27,3,1,135,0,1,0,0
9/04/2023 9:27,3,1,135,0,1,0,0
9/04/2023 9:27,3,1,135,0,1,0,0
9/04/2023 9:27,3,1,135,0,1,0,0
9/04/2023 9:27,3,1,135,0,1,0,0
9/04/2023 9:27,3,1,134,0,1,0,0
9/04/2023 9:27,3,1,134,0,1,0,0
9/04/2023 9:27,3,0,133,0,1,0,0
9/04/2023 9:27,3,0,133,0,1,0,0
9/04/2023 9:27,3,1,133,0,1,0,0
9/04/2023 9:27,3,1,133,0,1,0,0
9/04/2023 9:27,3,1,132,0,1,0,0
9/04/2023 9:27,3,1,132,0,1,0,0
9/04/2023 9:27,3,1,131,0,1,0,0
9/04/2023 9:27,3,1,131,0,1,0,0
9/04/2023 9:27,3,1,130,0,1,0,0
9/04/2023 9:27,3,1,130,0,1,0,0
9/04/2023 9:27,3,1,129,0,1,0,0
9/04/2023 9:27,3,1,129,0,1,0,0
9/04/2023 9:27,3,1,129,0,1,0,0
9/04/2023 9:27,3,1,129,0,1,0,0
9/04/2023 9:27,3,1,129,0,1,0,0
9/04/2023 9:27,3,1,128,0,1,0,0
9/04/2023 9:27,3,1,128,0,1,0,0
9/04/2023 9:27,3,1,127,0,1,0,0
9/04/2023 9:27,3,1,127,0,1,0,0
9/04/2023 9:27,3,1,126,0,1,0,0
9/04/2023 9:27,3,1,126,0,1,0,0
9/04/2023 9:27,3,1,126,0,1,0,0
9/04/2023 9:27,3,1,126,0,1,0,0
9/04/2023 9:27,3,1,126,0,1,0,0
9/04/2023 9:27,3,1,126,0,1,0,0
9/04/2023 9:27,3,1,125,0,1,0,0
9/04/2023 9:27,3,1,125,0,1,0,0
9/04/2023 9:27,3,0,125,0,1,0,0
9/04/2023 9:27,3,0,125,0,1,0,0
9/04/2023 9:27,3,1,124,0,1,0,0
9/04/2023 9:27,3,1,124,0,1,0,0
9/04/2023 9:27,3,1,124,0,1,0,0
9/04/2023 9:27,3,1,124,0,1,0,0
9/04/2023 9:27,3,1,124,0,1,0,0
9/04/2023 9:27,3,1,124,0,1,0,0
9/04/2023 9:27,3,1,125,0,1,0,0
9/04/2023 9:27,3,1,125,0,1,0,0
9/04/2023 9:27,3,1,125,0,1,0,0
9/04/2023 9:27,3,1,125,0,1,0,0
9/04/2023 9:27,3,1,125,0,1,0,0
9/04/2023 9:27,3,1,130,0,1,0,0
9/04/2023 9:27,3,1,130,0,1,0,0
9/04/2023 9:27,3,1,131,0,1,0,0
9/04/2023 9:27,3,1,131,0,1,0,0
9/04/2023 9:27,3,0,132,0,1,0,0
9/04/2023 9:27,3,0,132,0,1,0,0
9/04/2023 9:27,3,1,132,0,1,0,0
9/04/2023 9:27,3,1,132,0,1,0,0
9/04/2023 9:27,3,1,132,0,1,0,0
9/04/2023 9:27,3,1,132,0,1,0,0
9/04/2023 9:27,3,1,132,0,1,0,0
9/04/2023 9:27,3,1,132,0,1,0,0
9/04/2023 9:27,3,1,132,0,1,0,0
9/04/2023 9:27,3,1,131,0,1,0,0
9/04/2023 9:27,3,1,131,0,1,0,0
9/04/2023 9:27,3,1,130,0,1,0,0
9/04/2023 9:27,3,1,130,0,1,0,0
9/04/2023 9:27,3,1,130,0,1,0,0
9/04/2023 9:27,3,1,130,0,1,0,0
9/04/2023 9:27,3,1,130,0,1,0,0
9/04/2023 9:27,3,1,130,0,1,0,0
9/04/2023 9:27,3,1,130,0,1,0,0
9/04/2023 9:27,3,1,130,0,1,0,0
9/04/2023 9:27,3,1,130,0,1,0,0
9/04/2023 9:28,3,1,130,0,1,0,0
9/04/2023 9:28,3,1,130,0,1,0,0
9/04/2023 9:28,3,1,131,0,1,0,0
9/04/2023 9:28,3,1,131,0,1,0,0
9/04/2023 9:28,3,1,131,0,1,0,0
9/04/2023 9:28,3,1,131,0,1,0,0
9/04/2023 9:28,3,1,131,0,1,0,0
9/04/2023 9:28,3,1,131,0,1,0,0
9/04/2023 9:28,3,1,131,0,1,0,0
9/04/2023 9:28,3,1,131,0,1,0,0
9/04/2023 9:28,3,1,131,0,1,0,0
9/04/2023 9:28,3,1,131,0,1,0,0
9/04/2023 9:28,3,1,131,0,1,0,0
9/04/2023 9:28,3,1,131,0,1,0,0
9/04/2023 9:28,3,1,131,0,1,0,0
9/04/2023 9:28,3,1,131,0,1,0,0
9/04/2023 9:28,3,1,131,0,1,0,0
9/04/2023 9:28,3,1,131,0,1,0,0
9/04/2023 9:28,3,1,131,0,1,0,0
9/04/2023 9:28,3,0,131,0,1,0,0
9/04/2023 9:28,3,0,131,0,1,0,0
9/04/2023 9:28,3,1,131,0,1,0,0
9/04/2023 9:28,3,1,131,0,1,0,0
9/04/2023 9:28,3,1,131,0,1,0,0
9/04/2023 9:28,3,1,130,0,1,0,0
9/04/2023 9:28,3,1,130,0,1,0,0
9/04/2023 9:28,3,1,130,0,1,0,0
9/04/2023 9:28,3,1,130,0,1,0,0
9/04/2023 9:28,3,1,130,0,1,0,0
9/04/2023 9:28,3,1,130,0,1,0,0
9/04/2023 9:28,3,0,126,0,1,0,0
9/04/2023 9:28,3,0,126,0,1,0,0
9/04/2023 9:28,3,1,126,0,1,0,0
9/04/2023 9:28,3,1,126,0,1,0,0
9/04/2023 9:28,3,1,126,0,1,0,0
9/04/2023 9:28,3,1,126,0,1,0,0
9/04/2023 9:28,3,1,127,0,1,0,0
9/04/2023 9:28,3,1,127,0,1,0,0
9/04/2023 9:28,3,1,127,0,1,0,0
9/04/2023 9:28,3,1,127,0,1,0,0
9/04/2023 9:28,3,1,127,0,1,0,0
9/04/2023 9:28,3,1,128,0,1,0,0
9/04/2023 9:28,3,1,128,0,1,0,0
9/04/2023 9:28,3,1,128,0,1,0,0
9/04/2023 9:28,3,1,128,0,1,0,0
9/04/2023 9:28,3,1,128,0,1,0,0
9/04/2023 9:28,3,1,128,0,1,0,0
9/04/2023 9:28,3,1,128,0,1,0,0
9/04/2023 9:28,3,1,128,0,1,0,0
9/04/2023 9:28,3,1,129,0,1,0,0
9/04/2023 9:28,3,1,129,0,1,0,0
9/04/2023 9:28,3,1,129,0,1,0,0
9/04/2023 9:28,3,1,129,0,1,0,0
9/04/2023 9:28,3,1,129,0,1,0,0
9/04/2023 9:28,3,1,130,0,1,0,0
9/04/2023 9:28,3,1,130,0,1,0,0
9/04/2023 9:28,3,1,130,0,1,0,0
9/04/2023 9:28,3,1,130,0,1,0,0
9/04/2023 9:28,3,1,130,0,1,0,0
9/04/2023 9:28,3,1,130,0,1,0,0
9/04/2023 9:28,3,1,130,0,1,0,0
9/04/2023 9:28,3,1,130,0,1,0,0
9/04/2023 9:28,3,1,130,0,1,0,0
9/04/2023 9:28,3,1,131,0,1,0,0
9/04/2023 9:28,3,1,131,0,1,0,0
9/04/2023 9:28,3,1,132,0,1,0,0
9/04/2023 9:28,3,1,132,0,1,0,0
9/04/2023 9:28,3,1,133,0,1,0,0
9/04/2023 9:28,3,1,133,0,1,0,0
9/04/2023 9:28,3,1,133,0,1,0,0
9/04/2023 9:28,3,1,133,0,1,0,0
9/04/2023 9:28,3,1,132,0,1,0,0
9/04/2023 9:28,3,1,132,0,1,0,0
9/04/2023 9:28,3,1,132,0,1,0,0
9/04/2023 9:28,3,1,132,0,1,0,0
9/04/2023 9:28,3,1,132,0,1,0,0
9/04/2023 9:28,3,1,131,0,1,0,0
9/04/2023 9:28,3,1,131,0,1,0,0
9/04/2023 9:28,3,1,130,0,1,0,0
9/04/2023 9:28,3,1,130,0,1,0,0
9/04/2023 9:28,3,0,129,0,1,0,0
9/04/2023 9:28,3,0,129,0,1,0,0
9/04/2023 9:28,3,1,129,0,1,0,0
9/04/2023 9:28,3,1,129,0,1,0,0
9/04/2023 9:29,3,1,126,0,1,0,0
9/04/2023 9:29,3,1,126,0,1,0,0
9/04/2023 9:29,3,0,127,0,1,0,0
9/04/2023 9:29,3,0,127,0,1,0,0
9/04/2023 9:29,3,1,127,0,1,0,0
9/04/2023 9:29,3,1,127,0,1,0,0
9/04/2023 9:29,3,1,128,0,1,0,0
9/04/2023 9:29,3,1,128,0,1,0,0
9/04/2023 9:29,3,1,128,0,1,0,0
9/04/2023 9:29,3,1,129,0,1,0,0
9/04/2023 9:29,3,1,129,0,1,0,0
9/04/2023 9:29,3,1,130,0,1,0,0
9/04/2023 9:29,3,1,130,0,1,0,0
9/04/2023 9:29,3,1,130,0,1,0,0
9/04/2023 9:29,3,1,130,0,1,0,0
9/04/2023 9:29,3,1,131,0,1,0,0
9/04/2023 9:29,3,1,131,0,1,0,0
9/04/2023 9:29,3,1,131,0,1,0,0
9/04/2023 9:29,3,1,131,0,1,0,0
9/04/2023 9:29,3,1,131,0,1,0,0
9/04/2023 9:29,3,1,131,0,1,0,0
9/04/2023 9:29,3,1,131,0,1,0,0
9/04/2023 9:29,3,1,131,0,1,0,0
9/04/2023 9:29,3,1,131,0,1,0,0
9/04/2023 9:29,3,1,131,0,1,0,0
9/04/2023 9:29,3,1,131,0,1,0,0
9/04/2023 9:29,3,1,131,0,1,0,0
9/04/2023 9:29,3,1,131,0,1,0,0
9/04/2023 9:29,3,1,131,0,1,0,0
9/04/2023 9:29,3,1,131,0,1,0,0
9/04/2023 9:29,3,1,131,0,1,0,0
9/04/2023 9:29,3,1,131,0,1,0,0
9/04/2023 9:29,3,1,131,0,1,0,0
9/04/2023 9:29,3,1,131,0,1,0,0
9/04/2023 9:29,3,1,131,0,1,0,0
9/04/2023 9:29,3,1,130,0,1,0,0
9/04/2023 9:29,3,1,130,0,1,0,0
9/04/2023 9:29,3,1,129,0,1,0,0
9/04/2023 9:29,3,1,129,0,1,0,0
9/04/2023 9:29,3,1,129,0,1,0,0
9/04/2023 9:29,3,1,129,0,1,0,0
9/04/2023 9:29,3,1,129,0,1,0,0
9/04/2023 9:29,3,1,129,0,1,0,0
9/04/2023 9:29,3,0,129,0,1,0,0
9/04/2023 9:29,3,0,129,0,1,0,0
9/04/2023 9:29,3,0,129,0,1,0,0
9/04/2023 9:29,3,1,129,0,1,0,0
9/04/2023 9:29,3,1,129,0,1,0,0
9/04/2023 9:29,3,0,130,0,1,0,0
9/04/2023 9:29,3,0,130,0,1,0,0
9/04/2023 9:29,3,1,130,0,1,0,0
9/04/2023 9:29,3,1,130,0,1,0,0
9/04/2023 9:29,3,1,130,0,1,0,0
9/04/2023 9:29,3,1,130,0,1,0,0
9/04/2023 9:29,3,2,134,0,1,0,0
9/04/2023 9:29,3,2,134,0,1,0,0
9/04/2023 9:29,3,0,134,0,1,0,0
9/04/2023 9:29,3,0,134,0,1,0,0
9/04/2023 9:29,3,0,134,0,1,0,0
9/04/2023 9:29,3,1,134,0,1,0,0
9/04/2023 9:29,3,1,134,0,1,0,0
9/04/2023 9:29,3,1,133,0,1,0,0
9/04/2023 9:29,3,1,133,0,1,0,0
9/04/2023 9:29,3,0,134,0,1,0,0
9/04/2023 9:29,3,0,134,0,1,0,0
9/04/2023 9:29,3,0,134,0,1,0,0
9/04/2023 9:29,3,0,134,0,1,0,0
9/04/2023 9:29,3,0,134,0,1,0,0
9/04/2023 9:29,3,1,134,0,1,0,0
9/04/2023 9:29,3,1,134,0,1,0,0
9/04/2023 9:29,3,1,136,0,1,0,0
9/04/2023 9:29,3,1,136,0,1,0,0
9/04/2023 9:29,3,1,136,0,1,0,0
9/04/2023 9:29,3,1,136,0,1,0,0
9/04/2023 9:29,3,1,136,0,1,0,0
9/04/2023 9:29,3,1,137,0,1,0,0
9/04/2023 9:29,3,1,137,0,1,0,0
9/04/2023 9:29,3,1,139,0,1,0,0
9/04/2023 9:29,3,1,139,0,1,0,0
9/04/2023 9:29,3,1,140,0,1,0,0
9/04/2023 9:29,3,1,140,0,1,0,0
9/04/2023 9:29,3,1,140,0,1,0,0
9/04/2023 9:29,3,0,140,0,1,0,0
9/04/2023 9:29,3,0,140,0,1,0,0
9/04/2023 9:29,3,1,142,0,1,0,0
9/04/2023 9:29,3,1,142,0,1,0,0
9/04/2023 9:29,3,1,142,0,1,0,0
9/04/2023 9:29,3,0,142,0,1,0,0
9/04/2023 9:29,3,0,142,0,1,0,0
9/04/2023 9:29,3,1,143,0,1,0,0
9/04/2023 9:29,3,1,143,0,1,0,0
9/04/2023 9:29,3,1,143,0,1,0,0
9/04/2023 9:29,3,1,144,0,1,0,0
9/04/2023 9:29,3,1,144,0,1,0,0
9/04/2023 9:29,3,0,144,0,1,0,0
9/04/2023 9:29,3,0,144,0,1,0,0
9/04/2023 9:29,3,0,145,0,0,1,0
9/04/2023 9:29,3,0,145,0,0,1,0
9/04/2023 9:29,3,0,145,0,0,1,0
9/04/2023 9:29,3,1,145,0,1,0,0
9/04/2023 9:29,3,1,145,0,1,0,0
9/04/2023 9:29,3,1,144,0,1,0,0
9/04/2023 9:29,3,1,144,0,1,0,0
9/04/2023 9:29,3,1,144,0,1,0,0
9/04/2023 9:29,3,1,144,0,1,0,0
9/04/2023 9:29,3,1,144,0,1,0,0
9/04/2023 9:30,3,0,143,0,1,0,0
9/04/2023 9:30,3,0,143,0,1,0,0
9/04/2023 9:30,3,1,142,0,1,0,0
9/04/2023 9:30,3,1,142,0,1,0,0
9/04/2023 9:30,3,1,141,0,1,0,0
9/04/2023 9:30,3,1,141,0,1,0,0
9/04/2023 9:30,3,1,141,0,1,0,0
9/04/2023 9:30,3,1,135,0,1,0,0
9/04/2023 9:30,3,1,135,0,1,0,0
9/04/2023 9:30,3,0,135,0,1,0,0
9/04/2023 9:30,3,0,135,0,1,0,0
9/04/2023 9:30,3,1,134,0,1,0,0
9/04/2023 9:30,3,1,134,0,1,0,0
9/04/2023 9:30,3,1,134,0,1,0,0
9/04/2023 9:30,3,1,134,0,1,0,0
9/04/2023 9:30,3,1,134,0,1,0,0
9/04/2023 9:30,3,0,134,0,0,1,0
9/04/2023 9:30,3,0,134,0,0,1,0
9/04/2023 9:30,3,0,133,0,1,0,0
9/04/2023 9:30,3,0,133,0,1,0,0
9/04/2023 9:30,3,0,133,0,0,1,0
9/04/2023 9:30,3,0,133,0,0,1,0
9/04/2023 9:30,3,0,133,0,0,1,0
9/04/2023 9:30,3,0,133,0,0,1,0
9/04/2023 9:30,3,0,132,0,0,1,0
9/04/2023 9:30,3,0,132,0,0,1,0
9/04/2023 9:30,3,0,132,0,0,1,0
9/04/2023 9:30,3,0,132,0,0,1,0
9/04/2023 9:30,3,0,132,0,0,1,0
9/04/2023 9:30,3,0,131,0,0,1,0
9/04/2023 9:30,3,0,131,0,0,1,0
9/04/2023 9:30,3,0,131,0,0,1,0
9/04/2023 9:30,3,0,131,0,0,1,0
9/04/2023 9:30,3,1,131,0,1,0,0
9/04/2023 9:30,3,1,131,0,1,0,0
9/04/2023 9:30,3,1,131,0,1,0,0
9/04/2023 9:30,3,1,131,0,1,0,0
9/04/2023 9:30,3,2,131,0,1,0,0
9/04/2023 9:30,3,2,131,0,1,0,0
9/04/2023 9:30,3,2,131,0,1,0,0
9/04/2023 9:30,3,2,131,0,1,0,0
9/04/2023 9:30,3,2,131,0,1,0,0
9/04/2023 9:30,3,1,132,0,1,0,0
9/04/2023 9:30,3,1,132,0,1,0,0
9/04/2023 9:30,3,2,130,0,1,0,0
9/04/2023 9:30,3,2,130,0,1,0,0
9/04/2023 9:30,3,2,130,0,1,0,0
9/04/2023 9:30,3,2,128,0,1,0,0
9/04/2023 9:30,3,2,128,0,1,0,0
9/04/2023 9:30,3,2,128,0,1,0,0
9/04/2023 9:30,3,1,126,0,1,0,0
9/04/2023 9:30,3,1,126,0,1,0,0
9/04/2023 9:30,3,2,124,0,1,0,0
9/04/2023 9:30,3,2,124,0,1,0,0
9/04/2023 9:30,3,0,124,0,1,0,0
9/04/2023 9:30,3,0,124,0,1,0,0
9/04/2023 9:30,3,0,123,0,1,0,0
9/04/2023 9:30,3,1,122,0,1,0,0
9/04/2023 9:30,3,1,122,0,1,0,0
9/04/2023 9:30,3,1,122,0,1,0,0
9/04/2023 9:30,3,1,122,0,1,0,0
9/04/2023 9:30,3,1,124,0,1,0,0
9/04/2023 9:30,3,1,124,0,1,0,0
9/04/2023 9:30,3,2,126,0,1,0,0
9/04/2023 9:30,3,2,126,0,1,0,0
9/04/2023 9:30,3,0,127,0,1,0,0
9/04/2023 9:30,3,0,127,0,1,0,0
9/04/2023 9:30,3,0,127,0,1,0,0
9/04/2023 9:30,3,0,128,0,1,0,0
9/04/2023 9:30,3,0,128,0,1,0,0
9/04/2023 9:30,3,0,129,0,1,0,0
9/04/2023 9:30,3,0,129,0,1,0,0
9/04/2023 9:30,3,1,130,0,1,0,0
9/04/2023 9:30,3,1,130,0,1,0,0
9/04/2023 9:30,3,1,131,0,1,0,0
9/04/2023 9:30,3,1,131,0,1,0,0
9/04/2023 9:30,3,1,131,0,1,0,0
9/04/2023 9:30,3,1,133,0,1,0,0
9/04/2023 9:30,3,1,133,0,1,0,0
9/04/2023 9:30,3,0,134,0,1,0,0
9/04/2023 9:30,3,0,134,0,1,0,0
9/04/2023 9:30,3,1,134,0,1,0,0
9/04/2023 9:30,3,1,134,0,1,0,0
9/04/2023 9:30,3,0,135,0,1,0,0
9/04/2023 9:30,3,0,135,0,1,0,0
9/04/2023 9:30,3,0,135,0,1,0,0
9/04/2023 9:30,3,0,135,0,1,0,0
9/04/2023 9:30,3,0,135,0,1,0,0
9/04/2023 9:30,3,1,135,0,1,0,0
9/04/2023 9:30,3,1,135,0,1,0,0
9/04/2023 9:30,3,0,135,0,1,0,0
9/04/2023 9:30,3,0,135,0,1,0,0
9/04/2023 9:30,3,0,135,0,1,0,0
9/04/2023 9:30,3,1,136,0,1,0,0
9/04/2023 9:30,3,1,136,0,1,0,0
9/04/2023 9:31,3,1,137,0,1,0,0
9/04/2023 9:31,3,1,137,0,1,0,0
9/04/2023 9:31,3,1,137,0,1,0,0
9/04/2023 9:31,3,1,137,0,1,0,0
9/04/2023 9:31,3,1,137,0,1,0,0
9/04/2023 9:31,3,1,138,0,1,0,0
9/04/2023 9:31,3,1,138,0,1,0,0
9/04/2023 9:31,3,1,138,0,1,0,0
9/04/2023 9:31,3,1,138,0,1,0,0
9/04/2023 9:31,3,0,139,0,1,0,0
9/04/2023 9:31,3,0,139,0,1,0,0
9/04/2023 9:31,3,0,139,0,1,0,0
9/04/2023 9:31,3,1,139,0,1,0,0
9/04/2023 9:31,3,1,139,0,1,0,0
9/04/2023 9:31,3,1,139,0,1,0,0
9/04/2023 9:31,3,1,139,0,1,0,0
9/04/2023 9:31,3,1,140,0,1,0,0
9/04/2023 9:31,3,1,140,0,1,0,0
9/04/2023 9:31,3,1,140,0,1,0,0
9/04/2023 9:31,3,1,140,0,1,0,0
9/04/2023 9:31,3,1,140,0,1,0,0
9/04/2023 9:31,3,0,141,0,1,0,0
9/04/2023 9:31,3,0,141,0,1,0,0
9/04/2023 9:31,3,1,141,0,1,0,0
9/04/2023 9:31,3,1,141,0,1,0,0
9/04/2023 9:31,3,2,141,0,1,0,0
9/04/2023 9:31,3,2,141,0,1,0,0
9/04/2023 9:31,3,2,141,0,1,0,0
9/04/2023 9:31,3,1,141,0,1,0,0
9/04/2023 9:31,3,1,141,0,1,0,0
9/04/2023 9:31,3,2,140,0,1,0,0
9/04/2023 9:31,3,2,140,0,1,0,0
9/04/2023 9:31,3,1,140,0,1,0,0
9/04/2023 9:31,3,1,140,0,1,0,0
9/04/2023 9:31,3,1,140,0,1,0,0
9/04/2023 9:31,3,2,140,0,1,0,0
9/04/2023 9:31,3,2,140,0,1,0,0
9/04/2023 9:31,3,1,140,0,1,0,0
9/04/2023 9:31,3,1,140,0,1,0,0
9/04/2023 9:31,3,2,139,0,1,0,0
9/04/2023 9:31,3,2,139,0,1,0,0
9/04/2023 9:31,3,2,139,0,1,0,0
9/04/2023 9:31,3,1,139,0,1,0,0
9/04/2023 9:31,3,1,139,0,1,0,0
9/04/2023 9:31,3,1,139,0,1,0,0
9/04/2023 9:31,3,1,139,0,1,0,0
9/04/2023 9:31,3,0,139,0,1,0,0
9/04/2023 9:31,3,0,139,0,1,0,0
9/04/2023 9:31,3,0,139,0,1,0,0
9/04/2023 9:31,3,2,138,0,1,0,0
9/04/2023 9:31,3,2,138,0,1,0,0
9/04/2023 9:31,3,1,138,0,1,0,0
9/04/2023 9:31,3,1,138,0,1,0,0
9/04/2023 9:31,3,2,137,0,1,0,0
9/04/2023 9:31,3,2,137,0,1,0,0
9/04/2023 9:31,3,2,136,0,1,0,0
9/04/2023 9:31,3,2,136,0,1,0,0
9/04/2023 9:31,3,1,135,0,1,0,0
9/04/2023 9:31,3,1,135,0,1,0,0
9/04/2023 9:31,3,1,135,0,1,0,0
9/04/2023 9:31,3,2,135,0,1,0,0
9/04/2023 9:31,3,2,135,0,1,0,0
9/04/2023 9:31,3,2,134,0,1,0,0
9/04/2023 9:31,3,2,134,0,1,0,0
9/04/2023 9:31,3,2,134,0,1,0,0
9/04/2023 9:31,3,2,134,0,1,0,0
9/04/2023 9:31,3,0,134,0,1,0,0
9/04/2023 9:31,3,0,134,0,1,0,0
9/04/2023 9:31,3,0,134,0,1,0,0
9/04/2023 9:31,3,1,133,0,1,0,0
9/04/2023 9:31,3,1,133,0,1,0,0
9/04/2023 9:31,3,1,133,0,0,1,0
9/04/2023 9:31,3,1,133,0,0,1,0
9/04/2023 9:31,3,0,132,0,0,1,0
9/04/2023 9:31,3,0,132,0,0,1,0
9/04/2023 9:31,3,0,131,0,0,1,0
9/04/2023 9:31,3,0,131,0,0,1,0
9/04/2023 9:31,3,1,127,0,1,0,0
9/04/2023 9:31,3,1,127,0,1,0,0
9/04/2023 9:31,3,1,127,0,1,0,0
9/04/2023 9:31,3,1,127,0,1,0,0
9/04/2023 9:31,3,0,127,0,1,0,0
9/04/2023 9:31,3,0,127,0,1,0,0
9/04/2023 9:31,3,1,127,0,1,0,0
9/04/2023 9:31,3,1,127,0,1,0,0
9/04/2023 9:31,3,2,126,0,1,0,0
9/04/2023 9:31,3,2,126,0,1,0,0
9/04/2023 9:31,3,0,125,0,1,0,0
9/04/2023 9:31,3,0,125,0,1,0,0
9/04/2023 9:31,3,1,125,0,1,0,0
9/04/2023 9:31,3,1,125,0,1,0,0
9/04/2023 9:31,3,1,123,0,1,0,0
9/04/2023 9:31,3,1,123,0,1,0,0
9/04/2023 9:31,3,1,120,0,1,0,0
9/04/2023 9:31,3,1,119,0,1,0,0
9/04/2023 9:31,3,1,119,0,1,0,0
9/04/2023 9:32,3,1,118,0,1,0,0
9/04/2023 9:32,3,1,118,0,1,0,0
9/04/2023 9:32,3,0,118,0,1,0,0
9/04/2023 9:32,3,0,118,0,1,0,0
9/04/2023 9:32,3,0,116,0,1,0,0
9/04/2023 9:32,3,0,116,0,1,0,0
9/04/2023 9:32,3,1,115,0,1,0,0
9/04/2023 9:32,3,1,115,0,1,0,0
9/04/2023 9:32,3,1,115,0,1,0,0
9/04/2023 9:32,3,1,115,0,1,0,0
9/04/2023 9:32,3,1,115,0,1,0,0
9/04/2023 9:32,3,1,115,0,1,0,0
9/04/2023 9:32,3,1,116,0,1,0,0
9/04/2023 9:32,3,1,116,0,1,0,0
9/04/2023 9:32,3,1,117,0,1,0,0
9/04/2023 9:32,3,1,117,0,1,0,0
9/04/2023 9:32,3,1,118,0,1,0,0
9/04/2023 9:32,3,1,118,0,1,0,0
9/04/2023 9:32,3,0,118,0,1,0,0
9/04/2023 9:32,3,0,118,0,1,0,0
9/04/2023 9:32,3,0,117,0,1,0,0
9/04/2023 9:32,3,0,117,0,1,0,0
9/04/2023 9:32,3,0,117,0,1,0,0
9/04/2023 9:32,3,0,117,0,1,0,0
9/04/2023 9:32,3,1,117,0,1,0,0
9/04/2023 9:32,3,1,117,0,1,0,0
9/04/2023 9:32,3,0,118,0,1,0,0
9/04/2023 9:32,3,0,118,0,1,0,0
9/04/2023 9:32,3,1,118,0,1,0,0
9/04/2023 9:32,3,1,118,0,1,0,0
9/04/2023 9:32,3,0,123,0,1,0,0
9/04/2023 9:32,3,0,123,0,1,0,0
9/04/2023 9:32,3,1,122,0,1,0,0
9/04/2023 9:32,3,1,122,0,1,0,0
9/04/2023 9:32,3,1,119,0,1,0,0
9/04/2023 9:32,3,1,119,0,1,0,0
9/04/2023 9:32,3,0,118,0,1,0,0
9/04/2023 9:32,3,0,118,0,1,0,0
9/04/2023 9:32,3,0,117,0,1,0,0
9/04/2023 9:32,3,0,117,0,1,0,0
9/04/2023 9:32,3,1,118,0,1,0,0
9/04/2023 9:32,3,1,118,0,1,0,0
9/04/2023 9:32,3,0,119,0,0,1,0
9/04/2023 9:32,3,0,119,0,0,1,0
9/04/2023 9:32,3,0,119,0,0,1,0
9/04/2023 9:32,3,0,119,0,0,1,0
9/04/2023 9:32,3,0,119,0,0,1,0
9/04/2023 9:32,3,0,119,0,0,1,0
9/04/2023 9:32,3,0,119,0,0,1,0
9/04/2023 9:32,3,0,119,0,0,1,0
9/04/2023 9:32,3,0,118,0,1,0,0
9/04/2023 9:32,3,0,118,0,1,0,0
9/04/2023 9:32,3,0,118,0,1,0,0
9/04/2023 9:32,3,0,118,0,1,0,0
9/04/2023 9:32,3,0,118,0,1,0,0
9/04/2023 9:32,3,0,118,0,1,0,0
9/04/2023 9:32,3,1,118,0,1,0,0
9/04/2023 9:32,3,1,118,0,1,0,0
9/04/2023 9:32,3,0,119,0,0,1,0
9/04/2023 9:32,3,0,119,0,0,1,0
9/04/2023 9:32,3,0,120,0,1,0,0
9/04/2023 9:32,3,0,120,0,1,0,0
9/04/2023 9:32,3,1,121,0,1,0,0
9/04/2023 9:32,3,1,121,0,1,0,0
9/04/2023 9:32,3,0,123,0,1,0,0
9/04/2023 9:32,3,0,123,0,1,0,0
9/04/2023 9:32,3,0,123,0,1,0,0
9/04/2023 9:32,3,0,123,0,1,0,0
9/04/2023 9:32,3,1,123,0,1,0,0
9/04/2023 9:32,3,1,123,0,1,0,0
9/04/2023 9:32,3,1,122,0,1,0,0
9/04/2023 9:32,3,1,122,0,1,0,0
9/04/2023 9:32,3,0,121,0,0,1,0
9/04/2023 9:32,3,0,121,0,0,1,0
9/04/2023 9:32,3,0,118,0,1,0,0
9/04/2023 9:32,3,0,118,0,1,0,0
9/04/2023 9:32,3,0,118,0,0,1,0
9/04/2023 9:32,3,0,118,0,0,1,0
9/04/2023 9:32,3,1,117,0,1,0,0
9/04/2023 9:32,3,1,117,0,1,0,0
9/04/2023 9:32,3,0,119,0,0,1,0
9/04/2023 9:32,3,0,119,0,0,1,0
9/04/2023 9:32,3,0,119,0,0,1,0
9/04/2023 9:32,3,0,119,0,0,1,0
9/04/2023 9:32,3,0,118,0,0,1,0
9/04/2023 9:32,3,0,118,0,0,1,0
9/04/2023 9:32,3,0,117,0,0,1,0
9/04/2023 9:32,3,0,117,0,0,1,0
9/04/2023 9:33,3,0,116,0,0,1,0
9/04/2023 9:33,3,0,116,0,0,1,0
9/04/2023 9:33,3,0,116,0,0,1,0
9/04/2023 9:33,3,0,116,0,0,1,0
9/04/2023 9:33,3,0,116,0,0,1,0
9/04/2023 9:33,3,0,116,0,0,1,0
9/04/2023 9:33,3,0,117,0,0,1,0
9/04/2023 9:33,3,0,117,0,0,1,0
9/04/2023 9:33,3,0,119,0,0,1,0
9/04/2023 9:33,3,0,119,0,0,1,0
9/04/2023 9:33,3,0,120,0,0,1,0
9/04/2023 9:33,3,0,120,0,0,1,0
9/04/2023 9:33,3,0,120,0,0,1,0
9/04/2023 9:33,3,0,120,0,0,1,0
9/04/2023 9:33,3,0,120,0,0,1,0
9/04/2023 9:33,3,0,120,0,0,1,0
9/04/2023 9:33,3,0,119,0,0,1,0
9/04/2023 9:33,3,0,119,0,0,1,0
9/04/2023 9:33,3,0,118,0,0,1,0
9/04/2023 9:33,3,0,118,0,0,1,0
9/04/2023 9:33,3,0,117,0,0,1,0
9/04/2023 9:33,3,0,117,0,0,1,0
9/04/2023 9:33,3,1,116,0,1,0,0
9/04/2023 9:33,3,0,116,0,1,0,0
9/04/2023 9:33,3,0,116,0,1,0,0
9/04/2023 9:33,3,0,116,0,1,0,0
9/04/2023 9:33,3,0,116,0,1,0,0
9/04/2023 9:33,3,0,116,0,1,0,0
9/04/2023 9:33,3,2,117,0,1,0,0
9/04/2023 9:33,3,2,117,0,1,0,0
9/04/2023 9:33,3,0,118,0,0,1,0
9/04/2023 9:33,3,0,118,0,0,1,0
9/04/2023 9:33,3,0,119,0,0,1,0
9/04/2023 9:33,3,0,119,0,0,1,0
9/04/2023 9:33,3,0,120,0,0,1,0
9/04/2023 9:33,3,0,120,0,0,1,0
9/04/2023 9:33,3,0,119,0,0,1,0
9/04/2023 9:33,3,0,119,0,0,1,0
9/04/2023 9:33,3,0,119,0,0,1,0
9/04/2023 9:33,3,0,119,0,0,1,0
9/04/2023 9:33,3,0,119,0,0,1,0
9/04/2023 9:33,3,0,119,0,0,1,0
9/04/2023 9:33,3,0,111,0,0,1,0
9/04/2023 9:33,3,0,111,0,0,1,0
9/04/2023 9:33,3,0,110,0,0,1,0
9/04/2023 9:33,3,0,110,0,0,1,0
9/04/2023 9:33,3,0,111,0,0,1,0
9/04/2023 9:33,3,0,111,0,0,1,0
9/04/2023 9:33,3,0,112,0,0,1,0
9/04/2023 9:33,3,0,112,0,0,1,0
9/04/2023 9:33,3,0,113,0,0,1,0
9/04/2023 9:33,3,0,112,0,0,1,0
9/04/2023 9:33,3,0,112,0,0,1,0
9/04/2023 9:33,3,0,112,0,0,1,0
9/04/2023 9:33,3,0,112,0,0,1,0
9/04/2023 9:33,3,0,110,0,0,1,0
9/04/2023 9:33,3,0,110,0,0,1,0
9/04/2023 9:33,3,0,110,0,1,0,0
9/04/2023 9:33,3,0,110,0,1,0,0
9/04/2023 9:33,3,0,109,0,0,1,0
9/04/2023 9:33,3,0,110,0,0,1,0
9/04/2023 9:33,3,0,110,0,0,1,0
9/04/2023 9:33,3,0,111,0,0,1,0
9/04/2023 9:33,3,0,111,0,0,1,0
9/04/2023 9:33,3,0,112,0,1,0,0
9/04/2023 9:33,3,0,112,0,1,0,0
9/04/2023 9:33,3,1,113,0,0,1,0
9/04/2023 9:33,3,1,113,0,0,1,0
9/04/2023 9:33,3,0,113,0,1,0,0
9/04/2023 9:33,3,0,113,0,1,0,0
9/04/2023 9:33,3,0,112,0,1,0,0
9/04/2023 9:33,3,0,112,0,1,0,0
9/04/2023 9:33,3,0,113,0,1,0,0
9/04/2023 9:33,3,0,113,0,1,0,0
9/04/2023 9:33,3,1,114,0,1,0,0
9/04/2023 9:33,3,1,114,0,1,0,0
9/04/2023 9:33,3,0,114,0,0,1,0
9/04/2023 9:33,3,0,114,0,0,1,0
9/04/2023 9:33,3,0,115,0,1,0,0
9/04/2023 9:33,3,0,115,0,1,0,0
9/04/2023 9:33,3,0,116,0,1,0,0
9/04/2023 9:33,3,0,116,0,1,0,0
9/04/2023 9:33,3,1,117,0,1,0,0
9/04/2023 9:33,3,1,117,0,1,0,0
9/04/2023 9:33,3,0,118,0,1,0,0
9/04/2023 9:33,3,0,118,0,1,0,0
9/04/2023 9:33,3,0,118,0,1,0,0
9/04/2023 9:33,3,0,118,0,1,0,0
9/04/2023 9:33,3,1,118,0,1,0,0
9/04/2023 9:33,3,1,118,0,1,0,0
9/04/2023 9:34,3,0,122,0,0,1,0
9/04/2023 9:34,3,0,122,0,0,1,0
9/04/2023 9:34,3,0,119,0,0,1,0
9/04/2023 9:34,3,0,119,0,0,1,0
9/04/2023 9:34,3,0,113,0,0,1,0
9/04/2023 9:34,3,0,113,0,0,1,0
9/04/2023 9:34,3,0,111,0,0,1,0
9/04/2023 9:34,3,0,111,0,0,1,0
9/04/2023 9:34,3,0,111,0,0,1,0
9/04/2023 9:34,3,0,111,0,0,1,0
9/04/2023 9:34,3,0,113,0,0,1,0
9/04/2023 9:34,3,0,114,0,0,1,0
9/04/2023 9:34,3,0,114,0,0,1,0
9/04/2023 9:34,3,0,114,0,0,1,0
9/04/2023 9:34,3,0,114,0,0,1,0
9/04/2023 9:34,3,0,112,0,0,1,0
9/04/2023 9:34,3,0,112,0,0,1,0
9/04/2023 9:34,3,0,110,0,0,1,0
9/04/2023 9:34,3,0,109,0,0,1,0
9/04/2023 9:34,3,0,109,0,0,1,0
9/04/2023 9:34,3,0,108,0,0,1,0
9/04/2023 9:34,3,0,108,0,0,1,0
9/04/2023 9:34,3,0,108,0,0,1,0
9/04/2023 9:34,3,0,108,0,0,1,0
9/04/2023 9:34,3,0,109,0,0,1,0
9/04/2023 9:34,3,0,109,0,0,1,0
9/04/2023 9:34,3,0,110,0,0,1,0
9/04/2023 9:34,3,0,110,0,0,1,0
9/04/2023 9:34,3,0,112,0,0,1,0
9/04/2023 9:34,3,0,112,0,0,1,0
9/04/2023 9:34,3,1,112,0,1,0,0
9/04/2023 9:34,3,1,112,0,1,0,0
9/04/2023 9:34,3,0,113,0,1,0,0
9/04/2023 9:34,3,0,113,0,1,0,0
9/04/2023 9:34,3,0,113,0,1,0,0
9/04/2023 9:34,3,1,113,0,1,0,0
9/04/2023 9:34,3,1,113,0,1,0,0
9/04/2023 9:34,3,0,113,0,1,0,0
9/04/2023 9:34,3,0,113,0,1,0,0
9/04/2023 9:34,3,1,113,0,1,0,0
9/04/2023 9:34,3,1,113,0,1,0,0
9/04/2023 9:34,3,0,114,0,0,1,0
9/04/2023 9:34,3,0,114,0,0,1,0
9/04/2023 9:34,3,0,115,0,0,1,0
9/04/2023 9:34,3,0,115,0,0,1,0
9/04/2023 9:34,3,0,117,0,0,1,0
9/04/2023 9:34,3,0,117,0,0,1,0
9/04/2023 9:34,3,0,112,0,0,1,0
9/04/2023 9:34,3,0,112,0,0,1,0
9/04/2023 9:34,3,0,111,0,0,1,0
9/04/2023 9:34,3,0,111,0,0,1,0
9/04/2023 9:34,3,0,111,0,0,1,0
9/04/2023 9:34,3,0,111,0,0,1,0
9/04/2023 9:34,3,0,111,0,0,1,0
9/04/2023 9:34,3,0,111,0,0,1,0
9/04/2023 9:34,3,0,111,0,0,1,0
9/04/2023 9:34,3,0,111,0,0,1,0
9/04/2023 9:34,3,0,112,0,0,1,0
9/04/2023 9:34,3,0,112,0,0,1,0
9/04/2023 9:34,3,0,113,0,0,1,0
9/04/2023 9:34,3,0,113,0,0,1,0
9/04/2023 9:34,3,0,113,0,0,1,0
9/04/2023 9:34,3,0,113,0,0,1,0
9/04/2023 9:34,3,0,113,0,0,1,0
9/04/2023 9:34,3,0,113,0,0,1,0
9/04/2023 9:34,3,0,113,0,0,1,0
9/04/2023 9:34,3,0,111,0,0,1,0
9/04/2023 9:34,3,0,111,0,0,1,0
9/04/2023 9:34,3,0,109,0,0,1,0
9/04/2023 9:34,3,0,108,0,0,1,0
9/04/2023 9:34,3,0,108,0,0,1,0
9/04/2023 9:34,3,0,108,0,0,1,0
9/04/2023 9:34,3,0,108,0,0,1,0
9/04/2023 9:34,3,0,108,0,0,1,0
9/04/2023 9:34,3,0,108,0,0,1,0
9/04/2023 9:34,3,0,109,0,0,1,0
9/04/2023 9:34,3,0,109,0,0,1,0
9/04/2023 9:34,3,0,109,0,0,1,0
9/04/2023 9:34,3,0,109,0,0,1,0
9/04/2023 9:34,3,0,109,0,0,1,0
9/04/2023 9:34,3,0,109,0,0,1,0
9/04/2023 9:34,3,0,109,0,0,1,0
9/04/2023 9:34,3,0,109,0,0,1,0
9/04/2023 9:34,3,0,109,0,0,1,0
9/04/2023 9:34,3,0,108,0,0,1,0
9/04/2023 9:34,3,0,108,0,0,1,0
9/04/2023 9:34,3,0,109,0,0,1,0
9/04/2023 9:34,3,0,109,0,0,1,0
9/04/2023 9:34,3,0,109,0,0,1,0
9/04/2023 9:34,3,0,109,0,0,1,0
9/04/2023 9:34,3,0,109,0,0,1,0
9/04/2023 9:34,3,0,109,0,0,1,0
9/04/2023 9:34,3,0,109,0,0,1,0
